ATC,BDŽ,ČD,CFM,CFR,CS,ES,FS,GA,GWR,HŽPP,MÁV,MT,ÖBB,OTE,PKP,RDC,RJ,SJ,SJN,SNCF,ST,TCDD,UEX,UZ,VR,VY,ŽPCG,ŽS,ZSSK
ATC,BDŽ,ČD,CFM,CFR,CS,ES,FS,GA,GWR,HŽPP,MÁV,MT,ÖBB,OTE,PKP,RDC,RJ,SJ,SJN,SNCF,ST,TCDD,UEX,UZ,VR,VY,ŽPCG,ŽS,ZSSK
Astra Trans Carpatic SRL,БДЖ - Пътнически превози ЕООД,České dráhy a.s.,Calea Ferată din Moldova,C.F.R. Călători S.A.,Caledonian Sleeper Ltd.,European Sleeper Cooperatïe,Trenitalia S.p.A,Go-Ahead Norge AS,First Greater Western Ltd.,HŽ Putnički prijevoz d.o.o.,MÁV-START Vasúti Személyszállító Zrt.,00H00 SAS,ÖBB-Personenverkehr AG,Optima Tours,PKP Intercity S.A.,RDC Deutschland,RegioJet a.s.,SJ AB,SJ Norge AS,SNCF Voyageurs SA,Merresor AB,TCDD Taşımacılık A.Ş.,Train4you Vertriebs GmbH,Укрзалізниця,VR-Yhtymä Oy,Vygruppen AS,Željeznički prevoz Crne Gore AD,Железнице Србије ад,Železničná spoločnosť Slovensko a.s.
https://astratranscarpatic.ro,https://www.bdz.bg,https://www.cd.cz,http://railway.md,https://www.cfrcalatori.ro,https://www.sleeper.scot,https://www.europeansleeper.eu,https://www.trenitalia.com,https://go-aheadnordic.com,https://www.gwr.com,https://www.hzpp.hr,https://www.mavcsoport.hu,https://www.midnight-trains.com,https://personenverkehr.oebb.at,https://www.optimatours.de,https://www.intercity.pl,https://www.rdc-deutschland.de,https://regiojet.com,https://www.sj.se,https://www.sj.no/,https://www.sncf.com,https://www.snalltaget.se,https://www.tcddtasimacilik.gov.tr/,https://buchung.urlaubs-express.de/,https://www.uz.gov.ua/,https://www.vr.fi,https://www.vy.no,https://www.zcg-prevoz.me,https://srbijavoz.rs,https://www.zssk.sk
EET,EET,CET,EET,EET,WET,CET,CET,CET,WET,CET,CET,CET,CET,CET,CET,CET,CET,CET,CET,CET,CET,Europe/Istanbul,CET,EET,EET,CET,CET,CET,CET
ro,bg,cs,ro,ro,en,nl,en,nb,en,hr,hu,fr,de-AT,de,pl,de,cs,sv,nb,fr,sv,tr,de,uk,fi,nb,cnr,sr,sk
,,,,,,,,,,,,,,,,,,,,,,,,,,,,,
,,https://www.cd.cz/en/nase-vlaky/nocni-vlaky/-27543/,,,,,,,,,https://jegy.mav.hu/,,https://www.nightjet.com/,,,,,,,https://www.sncf-connect.com/en-en/,,,https://buchung.urlaubs-express.de/,https://booking.uz.gov.ua/,,,,https://w3.srbvoz.rs,
,,,,,,,,,,,,,,,,,,,,,,,,,,,,,
,Balgarski darzhavni zheleznitsi,,,,,,,,,,,,,,,,,,,,,,,Ukrzaliznytsia,,,,Železnice Srbije,
,,,,,Caledonian Sleeper,,,Go-Ahead Nordic,Great Western,,,Midnight Trains,nightjet,,,BahnTouristikExpress,,,SJ Nord,SNCF,Snälltåget,,Urlaubs-Express,,,,,,
RO,BG,CZ,MD,RO,UK,NL,IT,UK,UK,HR,HU,FR,AT,DE,PL,US,CZ,SE,NO,FR,DE,TR,DE,UA,FI,NO,ME,RS,SK
https://back-on-track.eu/wp-content/uploads/2025/03/logo_atc.jpg,https://back-on-track.eu/wp-content/uploads/2025/03/logo_bdz.jpg,https://back-on-track.eu/wp-content/uploads/2025/03/logo_cd.jpg,https://back-on-track.eu/wp-content/uploads/2025/03/logo_cfm.jpg,https://back-on-track.eu/wp-content/uploads/2025/03/logo_cfr.jpg,https://back-on-track.eu/wp-content/uploads/2025/03/logo_cs.jpg,https://back-on-track.eu/wp-content/uploads/2025/03/logo_es.jpg,https://back-on-track.eu/wp-content/uploads/2025/03/logo_fs.jpg,https://back-on-track.eu/wp-content/uploads/2025/03/logo_ga.jpg,https://back-on-track.eu/wp-content/uploads/2025/03/logo_gwr.jpg,https://back-on-track.eu/wp-content/uploads/2025/03/logo_hzpp.jpg,https://back-on-track.eu/wp-content/uploads/2025/03/logo_mav.jpg,https://back-on-track.eu/wp-content/uploads/2025/03/logo_mt.jpg,https://back-on-track.eu/wp-content/uploads/2025/03/logo_obb.jpg,https://back-on-track.eu/wp-content/uploads/2025/03/logo_ote.jpg,https://back-on-track.eu/wp-content/uploads/2025/04/logo_pkp.jpg,https://back-on-track.eu/wp-content/uploads/2025/03/logo_rdc.jpg,https://back-on-track.eu/wp-content/uploads/2025/03/logo_rj.jpg,https://back-on-track.eu/wp-content/uploads/2025/03/logo_sj.jpg,https://back-on-track.eu/wp-content/uploads/2025/03/logo_sjn.jpg,https://back-on-track.eu/wp-content/uploads/2025/03/logo_sncf.jpg,https://back-on-track.eu/wp-content/uploads/2025/03/logo_st.jpg,https://back-on-track.eu/wp-content/uploads/2025/03/logo_tcdd.jpg,https://back-on-track.eu/wp-content/uploads/2025/03/logo_uex.jpg,https://back-on-track.eu/wp-content/uploads/2025/03/logo_uz.jpg,https://back-on-track.eu/wp-content/uploads/2025/03/logo_vr.jpg,https://back-on-track.eu/wp-content/uploads/2025/03/logo_vy.jpg,https://back-on-track.eu/wp-content/uploads/2025/03/logo_zpcg.jpg,https://back-on-track.eu/wp-content/uploads/2025/03/logo_zs.jpg,https://back-on-track.eu/wp-content/uploads/2025/03/logo_zssk.jpg
,,,,,,,,,,,,,,,,,,,,,,,,,,,"CITY STAR: 1st passenger pays the full fare, 2 to 4 others receive a 20% discount. ",,
,,,,,,,,,,,,,,,,,,,,,,,,,,,"0-6 free, 7-14 50%",,
,,,,,,,,,,,,,,,https://portalpasazera.pl/en/Tablice/RozkladWformieTablic,,,,,,,,,,,,,,
