1,2,3,4,5,6,7,9,10,11,12,13,14,15,17,18,19,20,21,22,23,24,25,26,27,28,30,31,37,38,39,40,41,42,44,45,46,47,48,49,50,51,53,54,57,58,59,60,61,62,63,65,66,67,68,69,70,71,72,73,74,76,77,78,79,80,81,83,84,85,86,88,90,91,96,97,98,99,100,101,102,103,104,105,106,107,108,109,110,111,112,114,115,116,117,119,120,121,122,123,124,125,126,127,128,129,130,131,132,133,134,135,136,137,138,139,140,141,142,147,149,150,151,152,153,154,155,156,157,158,161,162,164,166,167,168,170,172,173,175,177,178,180,181,182,183,185,186,189,190,191,195,196,197,198,199,200,201,203,207,208,209,210,211,212,213,218,219,220,221,222,224,225,227,229,231,232,233,235,237,238,243,245,246,247,248,249,250,251,252,253,254,255,256,257,260,261,262,264
1,2,3,4,5,6,7,9,10,11,12,13,14,15,17,18,19,20,21,22,23,24,25,26,27,28,30,31,37,38,39,40,41,42,44,45,46,47,48,49,50,51,53,54,57,58,59,60,61,62,63,65,66,67,68,69,70,71,72,73,74,76,77,78,79,80,81,83,84,85,86,88,90,91,96,97,98,99,100,101,102,103,104,105,106,107,108,109,110,111,112,114,115,116,117,119,120,121,122,123,124,125,126,127,128,129,130,131,132,133,134,135,136,137,138,139,140,141,142,147,149,150,151,152,153,154,155,156,157,158,161,162,164,166,167,168,170,172,173,175,177,178,180,181,182,183,185,186,189,190,191,195,196,197,198,199,200,201,203,207,208,209,210,211,212,213,218,219,220,221,222,224,225,227,229,231,232,233,235,237,238,243,245,246,247,248,249,250,251,252,253,254,255,256,257,260,261,262,264
ÖBB,ÖBB,HŽPP,ČD,ÖBB,ZSSK,RJ,PKP/ČD,PKP,CFR,CFR,CFR,CFR,CFR,ÖBB,ÖBB,CFR,CFR,CFR,CFM/CFR,CFR,ATC,CFR,CFR,TCDD/BDŽ,TCDD/BDŽ/CFR,TCDD,TCDD,CS,CS,CS,CS,CS,GWR,ÖBB,ÖBB,ÖBB,HŽPP,HŽPP,ÖBB,ÖBB,ÖBB,ÖBB,MÁV/ÖBB,HŽPP/ÖBB,MÁV,CFR/MÁV/ÖBB,UZ/ÖBB,CFR/MÁV,SJ,SJ,GA,SJ,CFR/MÁV,SJ,VY,SJN,SJN,VR,ST,MÁV/ÖBB,FS,ST,SJ,ST,ST,SJ,FS,FS,FS,FS,SJ,VR,VR,FS,FS,VR,FS,FS,FS,FS,FS,FS,FS,FS,SNCF,SNCF,SNCF,SNCF,SNCF,SNCF,OTE,ZSSK,PKP/ČD,HŽPP/ÖBB,SNCF,ČD,PKP,PKP,ZSSK,PKP/ČD,PKP,PKP,MÁV/PKP,PKP,PKP,ŽS/ŽPCG,BDŽ,BDŽ,BDŽ,BDŽ,BDŽ,PKP,PKP,PKP,BDŽ,UZ,UZ,BDŽ,UZ,UZ,UZ,UZ,UZ,UZ,UZ,UZ,UZ,UZ,UZ,UZ,UZ,UZ,UZ,UZ,UZ,UZ,UZ,UZ,UZ,UZ,UZ,UZ,UZ,UZ,UZ,UZ,UZ,UZ,UZ,UZ,UZ/CFM,UZ,UZ,UZ,UZ,UZ,UZ,UZ,UZ,UZ,UZ,UZ,UZ,UZ,UZ,UZ,UZ,UZ,UZ,UZ,MÁV,MÁV,UZ,ÖBB,ÖBB,ÖBB,ÖBB,ÖBB,ES,ES,TCDD,TCDD,TCDD,TCDD,TCDD,CFR,CFR,CFR,UEX,UEX,UEX,UEX,UEX,UEX,ÖBB,RJ,SNCF,SNCF
NJ 40425,NJ 408,1820,EN 40476,NJ 470,EN 442,1020,EN 443 / IC 406,TLK 35190/50191,1837,IC 472,1952,78/1743,1763,NJ 490,NJ 40420,1653,1641 (SM),1821,401,1667,IR 11501,1941,1920,12503/492,12503/460,22006,22001,1003 (G),1003 (E),1001 (A),1001 (FW),1001 (I),Sleeper (Penzance),NJ 402,NJ 420,NJ 40421,1840,1880,NJ 294,NJ 456,,NJ 236,EN 50237,EN 414,EN 40457,D 346,40149,IRN / IC 78,1,70 (D),F5 725,Nattåg 93 (N),IC 406,Nattåg 93 (L),605,405,475,IC 265,304,EN 40462,IC Notte 758,300,EN 345,3920,3904,Nattåg 91,IC Notte 797,IC Notte 1964,IC Notte 1962,IC Notte 752,70 (U),IC 266 (T),IC 266 (H),IC Notte 788,IC Notte 754,P 269,IC Notte 796,IC Notte 794,IC Notte 1954,IC Notte 1958,IC Notte 1955 (S),IC Notte 1959 (S),IC Notte 770,IC Notte 763,IC Nuit 5787,IC Nuit 5781,IC Nuit 3754 (Sun),IC Nuit 5737,IC Nuit 3731,IC Nuit 3970,141,EN 1152,EN 406,EN 40414,IC Nuit 3754,EC 458,IC 16170,IC 38172,R 680,EC 460,TLK 35190,EN 430 / IC 440,IC 407 / EN 477,IC 440,TLK 35170,433,8656,3636,2626,8626,9646,TLK 48190,TLK 48190/38194,TLK 38170,3686,051,073,2636,036 Š,041,015,112 L,023,019,007 O/059 O,032 D,021,113,065 K,063,017 O/045 D,001 D,141,149,007 K,079,075,105,181 L,143,043 L,139,067,097,009,049,029 K,038 K,059 K,012 L,351 K,357,091,055,095,121,194 L,013 K,052 P/053,093,088 L,192 P,086 L,128 L,109,037,136 L,003,006 L,078 L,1246 / 1605 / 481,IC 1204,081 K,NJ 446,,NJ 40233,NJ 40236,NJ 464,452,496,22012,22014,22018,22010,32007,R-E 4007/1642,1641 (CN),R 4116,320/324,302/322,1856,1858,332/1372,334/1374,NJ 40424,1038,IC Nuit 3789,IC Nuit 3750
"2025: Mon, Wed, Fri",2025: Daily,Sun (Oct-Jun),2025: Daily,2025: Daily,2026: Daily,Daily,2026: Daily,2026/06/27-2026/08/31: Daily,Daily,Daily,2024/06/14-2024/09/07: Daily,Daily,Daily,2025: Daily,2025: Daily,Daily,Daily,Daily,Daily,Daily,2026: Daily,2024/06/14-2024/09/07: Daily,2026/06/11-09/06: Daily,2026: Daily,2024/06/05-2024/10/05: Daily,2026: Daily,2026: Daily,Daily,Daily,2025: Daily,2025: Daily,2025: Daily,"2026: Daily, except Saturday",Daily,2025: Daily,2025: Daily,Daily (Jul-Aug),Daily (Jul-Aug),Daily,2025: Daily,,Daily,Daily,Daily,Daily,Daily,2026: Daily,Daily,Daily,Daily,2024: Daily except Sat,Daily,Daily,Daily,"2026: Daily, except Saturday",2024: Daily except Sat,Daily,2026: Daily,2023/12/23-2024/03/29: Sat,Daily,Daily,"2024/03/31-2024/11/03: Mon, Tue, Wed, Thu, Fri, Sun",Daily,"2023/12/16-2024/04/27: Wed, Sat",2023/12/22-2024/03/28: Fri,Daily,Daily,Daily,Daily,Daily,Daily,2026: Daily,2026: Daily,Sun,Daily,2026: Daily,Daily,Daily,Daily,Daily,Daily,Daily,Daily,"Sat, Sun",Daily,Daily,2025: Sun,"2025: Fri, Sun","2024: Mon, Tue, Wed, Thu, Fri","2025: Sat, Sun",2026: Sat,"2025/05/05-2025/10/04: Mon, Thu, Sat",2026: Daily,Daily,2025: Daily,Daily,2026: Daily,2026: Daily,2026: Daily,2026: Daily,2026/06/26-2026/08/30: Daily,2026: Daily,Daily,2026: Daily,2026: Daily,2026: Daily,2026: Daily,Daily,2026: Daily,2026: Daily,Daily,2026/06/27-2026/08/31: Daily,2026: Daily,2026: Daily,2024/06/29-2024/09/07: Daily,2026: Daily,Daily,2026: Daily,2026: Daily,2026: Every 2nd day,2026: Every 2nd day,Daily,2026: Daily,2026: Daily,2026: Every 2nd day,2026: Daily,2026: Daily,2024: every 2nd day,2024: every 2nd day,2026: Daily,2026: Every 2nd day,2026: Every 2nd day,2024: every 2nd day,2024: every 2nd day,2026: Daily,Daily,Daily,2025: Daily,2024: every 2nd day,2024: every 2nd day,2026: Daily,Daily,2026: Daily,2025: Daily,2026: Daily,2026: Daily,2026: Daily,2026: Daily,2026: Daily,2026: Daily,2026: Every 2nd day,Daily,Daily,2026: Every 2nd day,2026: Daily,2024: every 2nd day,2024: every 2nd day,2026: Every 2nd day,2026: Daily,2024: every 2nd day,2024: every 2nd day,2024: every 2nd day,Daily,Daily,2024: every 2nd day,2026: Daily,Daily,2026: Every 2nd day,2026: Daily,2024: every 2nd day,Daily,"2024/07/07-2024/09/21: Tue, Fri, Sun",Daily,2025: Daily,,Daily,Daily,2025: Daily,"Tue, Thu, Sun","2026: Mon, Wed, Fri","2026: Thu, Sun","2026: Mon, Wed, Thu, Fri, Sat","2026: Thu, Sat",2026: Daily,2026: Daily,Daily,Daily,Daily,0-2 days/week (May-Oct),0-2 days/week (May-Oct),0-2 days/week (May-Oct),0-2 days/week (May-Oct),0-2 days/week (May-Oct),0-2 days/week (May-Oct),"2025: Tue, Thu, Sun",Daily,Daily,2025: Daily
NJ 40468,NJ 409,1821,EN 40457,NJ 471,EN 443,1021,IC 407 / EN 442,TLK 55190/53190,1838,IC 473,1954,1744/79,1765,NJ 491,NJ 40491,1654,1642 (SM),1822,402,1668,IR 11500,1942/R 8810,1922,493/12504,461/12504,32005,12002,1004 (G),1004 (E),1002 (A),1002 (FW),1002 (I),Sleeper (London),NJ 403,NJ 421,NJ 40490,1841,1881,NJ 295,NJ 457,,NJ 237,EN 50462,EN 40237,EN 40476,D 347,40749,IRN / IC 79,2,71 (S),F5 726,Nattåg 94 (N),IC 407,Nattåg 94 (L),606,406,476,IC 274,305,EN 40467,IC Notte 765,301,EN 346,3921,3905,Nattåg 92,IC Notte 798,IC Notte 1967,IC Notte 1963,IC Notte 755,77 (S),IC 933,IC 273,IC Notte 789,IC Notte 757,P 276,IC Notte 1515,IC Notte 795,IC Notte 1955 (P),IC Notte 1959 (P),IC Notte 1956,IC Notte 1960,IC Notte 774,IC Notte 764,IC Nuit 5792,IC Nuit 5772,IC Nuit 3755 (Sun),IC Nuit 5738,IC Nuit 3740,IC Nuit 3971,154,EN 1153,EN 407,EN 40465,IC Nuit 3755,EN 40459,IC 61170,IC 83172,R 681,EC 461,TLK 53190,IC 82170 / EC 431,EN 476,IC 82170,TLK 53170,1130 / 432,8657,3637,2627,8627,9647,TLK 84190,TLK 83194/84190,TLK 83170,3687,052 K,074,2637,036 L,042,016,112 P,024,020,008 Š/060 Š,032 P,022,114,065 Š,064,017 L/045 L,001 L,142,150,008 L,080,076,106,181 P,144,043 Š,140,068,098,010,050,029 L,038 P,060 L,012 Š,351 L,358,092,056,096,122,194 P,013 L,052 Š/054,094,088 P,192 Š,086 P,128 P,110,038 O/Š,136 Š,004,006 P,078 Š,480 / 1604 / 1247,IC 1205,081 L,NJ 447,,NJ 40294,NJ 40466,NJ 465,453,497,52011,52013,52019,42009,72008,1641/R-E 4008,1642 (CN),1641/R 4112,321/325,303/323,1857,1859,333/1373,335/1375,NJ 40469,1039,IC Nuit 3790,IC Nuit 3751
"2025: Tue, Thu, Sun",2025: Daily,Fri (Oct-Jun),Daily,2025: Daily,2026: Daily,Daily,2026: Daily,2026/06/27-2026/08/31: Daily,Daily,Daily,2024/06/15-2024/09/08: Daily,Daily,Daily,2025: Daily,2025: Daily,Daily,Daily,Daily,Daily,Daily,2026: Daily,2024/06/15-2024/09/08: Daily,2026/06/11-09/06: Daily,2026: Daily,2024/06/05-2024/10/05: Daily,2026: Daily,2026: Daily,Daily,Daily,2025: Daily,2025: Daily,2025: Daily,"2026: Daily, except Saturday",Daily,2025: Daily,2025: Daily,Daily (Jul-Aug),Daily (Jul-Aug),Daily,2025: Daily,,Daily,Daily,Daily,Daily,Daily,2026: Daily,Daily,Daily,Daily,2024: Daily except Sat,Daily,Daily,Daily,"2026: Daily, except Saturday",2024: Daily except Sat,Daily,2026: Daily,2023/12/22-2024/03/28: Fri,Daily,Daily,"2024/03/31-2024/11/03: Mon, Tue, Wed, Thu, Fri, Sun",Daily,"2023/12/17-2024/04/27: Thu, Sun",2023/12/30- 2024/03/30: Sat,Daily,Daily,Daily,Daily,Daily,Daily,2026: Daily,2026: Daily,Fri,Daily,2026: Daily,Daily,Daily,Daily,Daily,Daily,Daily,Daily,"Fri, Sat",Daily,Daily,2025: Fri,"2025: Fri, Sun","2024: Mon, Tue, Wed, Thu, Fri","2025: Sat, Sun",2026: Tue,"2025/05/07-2025/10/05: Wed, Fri, Sun",2026: Daily,Daily,2025: Daily,2025: Daily,2026: Daily,2026: Daily,2026: Daily,2026: Daily,2026/06/27-2026/08/31: Daily,2026: Daily,Daily,2026: Daily,2026: Daily,2026: Daily,2026: Daily,Daily,2026: Daily,2026: Daily,Daily,2026/06/27-2026/08/31: Daily,2026: Daily,2026: Daily,2024/06/29-2024/09/07: Daily,2026: Daily,Daily,2026: Daily,2026: Daily,2026: Every 2nd day,2026: Every 2nd day,Daily,2026: Daily,2026: Daily,2026: Every 2nd day,2026: Daily,2026: Daily,2024: every 2nd day,2024: every 2nd day,2026: Daily,2026: Every 2nd day,2026: Every 2nd day,2024: every 2nd day,2024: every 2nd day,2026: Daily,Daily,Daily,2025: Daily,2024: every 2nd day,2024: every 2nd day,2026: Daily,Daily,2026: Daily,2025: Daily,2026: Daily,2026: Daily,2026: Daily,2026: Daily,2026: Daily,2026: Daily,2026: Every 2nd day,Daily,Daily,2026: Every 2nd day,2026: Daily,2024: every 2nd day,2024: every 2nd day,2026: Every 2nd day,2026: Daily,2024: every 2nd day,2024: every 2nd day,2024: every 2nd day,Daily,Daily,2024: every 2nd day,2026: Daily,Daily,2026: Every 2nd day,2026: Daily,2024: every 2nd day,Daily,"2024/07/08-2024/09/22: Mon, Wed, Sat",Daily,2025: Daily,,Daily,Daily,2025: Daily,"Mon, Wed, Fri","2026: Tue, Thu, Sun","2026: Tue, Thu","2026: Mon, Wed, Fri, Sat, Son","2026: Fri, Sun",2026: Daily,2026: Daily,Daily,Daily,Daily,0-2 days/week (May-Oct),0-2 days/week (May-Oct),0-2 days/week (May-Oct),0-2 days/week (May-Oct),0-2 days/week (May-Oct),0-2 days/week (May-Oct),"2025: Mon, Wed, Fri",Daily,Daily,2025: Daily
,,,Metropol,,Slovakia,,Chopin,Rozewie,,Ister,,,,,,,,,Prietenia,,,,,Balkan Express,Bosphor Express,Izmir Mavi,Ankara Ekspresi,Lowlander,Lowlander,Highlander,Highlander,Highlander,Night Riviera,,,,,Dalmacija,,,,,Kálman Imre,,,Dacia,,Muntenia,,,F5,Arctic Circle,Corona,,F4,F6,F7,,,Kálmán Imre,,Berlinaren,,,,,,,,,,,,,,,,,,,,,,,,Le Train Bleu,L'Occitan,,Le Pyrénéen,Le Pyrénéen,,,Chopin,,L'Occitan,Canopus,Karkonosze,Podhalanin ,Zemplín,Baltic Express,Korsarz,Przemyślanin,Metropol,Uznam,Karpaty,Lovćen,,,,,,Pirat,Wolin,Ustronie,,,,,,,Les Kurbas,,,,Transcarpathia,,,,,Oberig,Skovoroda express,Yednist,,,Bukovyna,,,,,,Stefania express,,,,,Kobzar,,,,Zachidny express,,,,,,,,,,,,,,,,,,,,,Istria,Adria,,,,,,,,,Vangölü Ekspresi,Güney Ekspresi,4 Eylül Mavi,Dogu Ekspresi,Konya Mavi,,,,,,,,,,,,,
Bruxelles Midi / Brussel Zuid,Berlin Hbf,Split,Budapest-Nyugati,Zürich HB,Humenné,Chop,Praha hl.n.,Kraków Gł.,Iași,București Nord,Suceava Nord,București Nord,Iași,Wien Hbf,Innsbruck Hbf,București Nord,București Nord,București Nord,Chişinău,București Nord,București Nord,Satu Mare,Constanța,İstanbul Halkalı,İstanbul Halkalı,Ankara,Ankara,London Euston,London Euston,London Euston,London Euston,London Euston,London Paddington,Zürich HB,Innsbruck Hbf,Amsterdam Centraal,Vukovar,Osijek,Roma Tiburtina,Graz Hbf,#N/A,Venezia Santa Lucia,Budapest Keleti,Zagreb Gl. K.,Berlin Hbf,București Nord,Wien Westbf,București Nord,Stockholm C,Stockholm C,Oslo S,Narvik,Brașov,Luleå C,Oslo S,Oslo S,Trondheim,Helsinki / Helsingfors,Innsbruck Hbf,Budapest Keleti,Lecce,Stockholm C,Stockholm C,Malmö C,Malmö C,Luleå C,Torino Porta Susa,Palermo Centrale,Siracusa,Lecce,Stockholm C,Rovaniemi,Rovaniemi,Lecce,Lecce,Helsinki / Helsingfors,Salerno,Reggio Calabria Centrale,Palermo Centrale,Palermo Centrale,Roma Termini,Roma Termini,Trieste Centrale,Bolzano / Bozen,Paris Austerlitz,Paris Austerlitz,Albi Ville,Paris Austerlitz,Tarbes,Latour-de-Carol / La Tor de Querol,Villach Hbf,Split,München Hbf,Zagreb Gl. K.,Rodez,Praha hl.n.,Warszawa Wschodnia,Zakopane,Humenné,Praha hl.n.,Kraków Gł.,Przemyśl Gł.,Warszawa Wschodnia,Chelm,Zakopane,Zemun,Varna,Varna,Varna,Burgas,Silistra,Bielsko-Biała Główna,Bielsko-Biała Gł.,Kraków Gł.,Burgas,Kyiv Pasazhyrskyi,Kharkiv,Dobrich,Odesa Holovna,Dnipro Holovny,Kharkiv,Lviv,Kyiv Pasazhyrskyi,Kyiv Pasazhyrskyi,Kharkiv,Przemyśl Gł.,Kharkiv,Kharkiv,Kharkiv,Kharkiv,Kharkiv,Kharkiv,Ivano-Frankivsk,Poltava,Kyiv Pasazhyrskyi,Dnipro Holovny,Kyiv Pasazhyrskyi,Kyiv Pasazhyrskyi,Ivano-Frankivsk,Sumy,Ivano-Frankivsk,Kyiv Pasazhyrskyi,Kyiv Pasazhyrskyi,Kyiv Pasazhyrskyi,Kyiv Pasazhyrskyi,Kyiv Pasazhyrskyi,Kyiv Pasazhyrskyi,Kyiv Pasazhyrskyi,Kyiv Pasazhyrskyi,Lviv,Kyiv Pasazhyrskyi,Kyiv Pasazhyrskyi,Kyiv Pasazhyrskyi,Kyiv Pasazhyrskyi,Kyiv Pasazhyrskyi,Kherson,Yasinia,Kyiv Pasazhyrskyi,Dnipro Holovny,Kharkiv,Kovel,Kramatorsk,Lviv,Lviv,Kherson,Uzhhorod,Chernivtsi,Uzhhorod,Yasinia,Kovel,Budapest Déli,Budapest Keleti,Kyiv Pasazhyrskyi,Wien Hbf,#N/A,Wien Hbf,Venezia Santa Lucia,Graz Hbf,Praha hl.n.,Paris Gare du Nord,Ankara,Ankara,Ankara,Ankara,İzmir Basmane,Bistrița Nord,București Nord,Sighetu Marmației,Villach Hbf,Innsbruck Hbf,München Ost,Lörrach Hbf,Innsbruck Hbf,Villach Hbf,Berlin Ostbahnhof,Przemyśl Gł.,Paris Austerlitz,Toulouse Matabiau
19:06,21:03,21:11,19:30,20:59,19:31,17:35,22:16,20:14,20:40,18:25,20:25,21:00,15:35,20:10,20:46,22:35,21:01,23:28,17:05,22:50,19:28,12:20,18:43,20:00,20:00,20:00,22:00,23:45,23:45,21:15,21:15,21:15,23:45,21:34,20:46,18:28,16:57,19:48,18:10,19:20,,21:05,20:40,19:38,19:21,14:07,18:30,21:00,23:10,22:39,22:25,15:11,18:51,21:10,23:03,22:50,23:05,19:29,18:00,20:40,18:31,16:20,17:34,16:35,17:15,17:00,20:40,12:58,13:35,19:50,22:39,17:52,17:52,22:15,20:25,20:24,20:52,21:43,18:48,21:10,20:31,23:00,19:11,21:30,20:51,20:51,20:50,20:10,19:00,18:48,21:59,17:29,18:35,19:38,22:19,18:28,23:36,19:54,21:51,18:49,20:14,18:49,19:37,18:29,21:53,19:35,23:45,23:40,21:40,23:00,18:20,21:25,21:25,21:33,22:50,20:05,13:32,20:35,21:15,16:46,14:10,15:30,21:30,19:06,20:03,19:16,19:26,07:50,18:13,22:52,14:10,18:34,14:44,17:24,22:00,22:09,20:13,22:08,12:43,19:01,19:08,23:32,19:06,23:10,09:43,21:47,20:20,22:13,20:28,21:08,18:06,20:37,22:57,16:29,20:38,16:40,13:28,16:29,21:03,13:32,17:35,17:32,10:48,13:58,13:35,20:17,14:57,16:40,13:05,17:35,20:30,18:53,18:35,22:55,,19:18,21:05,22:25,18:04,17:45,11:20,11:20,19:10,18:00,20:05,21:25,21:03,15:52,19:06,21:00,21:49,20:36,21:00,19:06,18:55,22:12,19:27,19:44
Bruxelles Noord / Brussel Nord - Liège-Guillemins - Aachen Hbf - Köln Hbf - Bonn-Beuel - Koblenz Hbf - Mainz Hbf - München Ost - Rosenheim - Salzburg Hbf - Linz Hbf - St. Pölten Hbf - Wien Meidling,Berlin Südkreuz - Lutherstadt Wittenberg Hbf - Bitterfeld - Leipzig Hbf - Frankfurt (Main) Süd - Mannheim Hbf - Karlsruhe Hbf - Baden-Baden - Offenburg - Freiburg (Breisgau) Hbf - Basel Bad Bf - Basel SBB,Knin - Karlovac,Vac - Štúrovo - Nové Zámky - Bratislava hl.st. - Kúty - Břeclav - Brno hl.n. - Pardubice hl.n. - Praha hl.n. - Praha-Holešovice - Ústí nad Labem hl.n. - Děčín hl.n. - Bad Schandau - Dresden Hbf - Dresden Neustadt - Berlin Südkreuz,Basel SBB - Basel Bad Bf - Freiburg (Breisgau) Hbf - Offenburg - Baden-Baden - Karlsruhe Hbf - Göttingen - Hannover Hbf - Verden (Aller) - Bremen Hbf - Hamburg Harburg - Hamburg Hbf - Hamburg Dammtor,Strážske - Michalovce - Bánovce nad Ondavou - Trebišov - Košice - Kysak - Margecany - Spišská Nová Ves - Poprad Tatry - Liptovský Mikuláš - Ružomberok - Ružomberok - Olomouc hl.n. - Česká Třebová - Pardubice hl.n.,Košice - Poprad Tatry - Pardubice hl.n.,Pardubice hl.n. - Olomouc hl.n. - Katowice - Zawiercie - Opoczno Południe - Warszawa Centralna,Trzebinia - Gdańsk Gł. - Gdynia Gł.,Suceava - Câmpulung Moldovenesc,Ploiești Vest - Brașov - Sibiu - Arad - Curtici - Szolnok,Suceava - Bacău - Buzău,Craiova - Timişoara Nord - Arad,Suceava - Câmpulung Moldovenesc - Vatra Dornei - Beclean pe Somes - Dej - Cluj-Napoca - Deva - Arad,Wien Meidling - St. Pölten Hbf - Linz Hbf - Wels Hbf - Passau Hbf - Regensburg Hbf - Nürnberg Hbf - Würzburg Hbf - Kassel-Wilhelmshöhe - Göttingen - Hannover Hbf - Hamburg Harburg - Hamburg Hbf - Hamburg Dammtor,Jenbach - Wörgl Hbf - Kufstein - Rosenheim - München Hbf - Augsburg Hbf - Nürnberg Hbf - Kassel-Wilhelmshöhe - Göttingen - Hannover Hbf - Hamburg Harburg - Hamburg Hbf,Ploiești Sud - Suceava - Câmpulung Moldovenesc - Vatra Dornei,Ploiești Vest - Câmpina - Brașov - Miercurea Ciuc - Beclean pe Somes - Baia Mare,Craiova - Petroșani - Deva,Ungheni - Ungheni Prut - Nicolina - Iași - Târgu Frumos - Roman - Buzău - Mizil - Ploiești Sud,Ploiești Sud - Buzău,Videle - Roșiori Nord - Caracal - Craiova - Caransebeș - Lugoj - Timişoara Nord,Baia Mare - Dej - Beclean pe Somes - Deda - Gheorgheni - Miercurea Ciuc - Brașov - Constanța,Medgidia - Fetești - București Nord - Videle - Roșiori Nord - Caracal - Craiova - Petroșani - Subcetate - Simeria - Deva - Ilia - Arad - Chișineu-Criș,Edirne - Kapıkule - Svilengrad - Dimitrovgrad - Plovdiv,Edirne - Kapıkule - Svilengrad - Dimitrovgrad - Stara Zagora - Veliko Tarnovo - Gorna Oryahovitsa - Ruse - Giurgiu Nord,Eskişehir - Balıkesir - Manisa - İzmir Çiğli,Eskişehir - İstanbul Pendik - İstanbul Sögütlücesme,Watford Junction - Carlisle - Motherwell,Watford Junction - Carlisle,Birmingham International  - Crewe - Preston - Dundee,Birmingham International  - Crewe - Preston - Crianlarich,Birmingham International  - Crewe - Preston - Stirling - Perth / Peairt - Aviemore,Reading - Plymouth,Basel SBB - Basel Bad Bf - Freiburg (Breisgau) Hbf - Offenburg - Bonn-Beuel - Köln Hbf - Eindhoven Centraal - Utrecht Centraal,Jenbach - Wörgl Hbf - Kufstein - Rosenheim - München Hbf - Augsburg Hbf - Nürnberg Hbf - Würzburg Hbf - Kassel-Wilhelmshöhe - Hamm (Westf) Hbf - Münster (Westf) Hbf - Deventer - Amersfoort Centraal,Amersfoort Centraal - Deventer - Hannover Hbf - Kassel-Wilhelmshöhe - Würzburg Hbf - Nürnberg Hbf - Regensburg Hbf - Passau Hbf - Wels Hbf - Linz Hbf - St. Pölten Hbf - Wien Meidling,Slavonski Brod - Zagreb Gl. K. - Karlovac - Knin,Zagreb Gl. K. - Knin,Firenze Campo di Marte - Bologna Centrale - Villach Hbf - Salzburg Hbf - Rosenheim,Bruck an der Mur - Mürzzuschlag - Wiener Neustadt Hbf - Wien Hbf - Břeclav - Brno hl.n. - Pardubice hl.n. - Praha hl.n. - Praha-Holešovice - Ústí nad Labem hl.n. - Děčín hl.n. - Bad Schandau - Dresden Hbf - Dresden Neustadt - Berlin Südkreuz,,Udine - Villach Hbf - Salzburg Hbf - München Ost - Augsburg Hbf - Ulm Hbf,Budapest Kelenföld - Győr - Wien Hbf - Wien Meidling - St. Pölten Hbf - Linz Hbf - Rosenheim - München Ost - Augsburg Hbf - Ulm Hbf,Ljubljana - Villach Hbf - Rosenheim - München Ost - Augsburg Hbf - Ulm Hbf,Berlin Südkreuz - Dresden Neustadt - Dresden Hbf - Ústí nad Labem hl.n. - Praha-Holešovice - Bratislava hl.st. - Vac,Ploiești Vest - Brașov - Sighișoara - Oradea - Budapest Keleti - Budapest Ferencváros - Budapest Kelenföld - Győr,Wien Meidling - Wien Hbf - Hegyeshalom - Győr - Budapest Kelenföld - Szolnok - Debrecen - Nyíregyháza - Chop - Mukacheve - Stryj - Stryj,Craiova - Timişoara Nord - Arad - Curtici - Lőkösháza - Szolnok,Norrköping C - Hässleholm C - Lund C,Arlanda - Uppsala C - Gävle C - Östersund C - Åre,Drammen - Kongsberg - Sandnes,Kiruna / Giron - Gällivare C - Boden C - Umeå C - Sundsvall C - Gävle C - Uppsala C - Arlanda,Miercurea Ciuc - Gheorgheni - Deda - Beclean pe Somes - Debrecen - Szolnok,Boden C - Umeå C - Örnsköldsvik C - Sundsvall C - Gävle C - Uppsala C - Arlanda,Sandvika - Asker - Drammen - Hokksund - Myrdal - Dale,Hamar - Lillehammer,Levanger - Steinkjer - Mo i Rana,Riihimäki - Tampere - Seinäjoki - Oulu - Kemi - Rovaniemi,Jenbach - Wörgl Hbf - Kitzbühel - Salzburg Hbf - München Ost - Hamburg Hbf - Kolding - Odense - Høje Taastrup,Budapest Kelenföld - Győr - Wien Hbf - Wien Meidling - St. Pölten Hbf - Linz Hbf - Bludenz - Feldkirch - Buchs (SG),Brindisi - Taranto - Bari Centrale - Foggia - Bologna Centrale,Norrköping C - Linköping C - Nässjö C - Alvesta - Hässleholm C - Lund C - Malmö C - København Ørestad - Hamburg Hbf,Norrköping C - Linköping C - Nässjö C - Alvesta - Hässleholm C - Lund C - Malmö C - Kastrup Lufthavn - Padborg - Hamburg Hbf,Lund C - Hässleholm C - Alvesta - Nässjö C - Linköping C - Norrköping C - Stockholm C - Uppsala C - Östersund C - Åre - Duved,Lund C - Hässleholm C - Alvesta - Nässjö C - Linköping C - Norrköping C - Östersund C - Åre,Boden C - Umeå C - Örnsköldsvik C - Härnösand - Sundsvall C - Gävle C - Uppsala C - Arlanda,Milano Porta Garibaldi - Roma Tiburtina - Baqël,Termini Imerese - Barcellona Castroreale - Messina Centrale - Lamezia Terme Centrale - Salerno - Firenze S. M. N. - Bologna Centrale,Catania Centrale - Taormina Giardini - Messina Centrale - Lamezia Terme Centrale - Salerno - Firenze S. M. N. - Bologna Centrale,Brindisi - Bari Centrale - Foggia - Bologna Centrale,Arlanda - Uppsala C - Gävle C - Härnösand - Örnsköldsvik C,Kemi - Oulu - Ylivieska - Kokkola - Tampere - Turku / Åbo,Kemi - Oulu - Ylivieska - Kokkola - Tampere - Toijala - Riihimäki,Brindisi - Bari Centrale,Brindisi - Bari Centrale - Foggia - Bologna Centrale,Riihimäki - Tampere - Oulu - Tornio-Itäinen,Napoli Centrale - Roma Tiburtina - Pisa Centrale - La Spezia Centrale - Genova Piazza Principe,Tropea - Lamezia Terme Centrale - Roma Ostiense - Civitavecchia - Grosseto - Livorno Centrale - Pisa Centrale - La Spezia Centrale - Genova Piazza Principe,Termini Imerese - Barcellona Castroreale - Messina Centrale - Lamezia Terme Centrale,Termini Imerese - Barcellona Castroreale - Messina Centrale - Salerno - Baqël,Baqël - Salerno - Messina Centrale - Taormina Giardini - Catania Centrale,Lamezia Terme Centrale - Messina Centrale - Taormina Giardini - Catania Centrale,Udine - Venezia Santa Lucia - Bologna Centrale,Verona Porta Nuova - Orvieto,Crest - Gap,Marseille Saint-Charles - Toulon - Cannes,Rodez - Figeac - St-Denis-lès-Martel,Nîmes - Montpellier Saint-Roch - Béziers - Narbonne - Perpignan,Lourdes - Pau - Bayonne - Dax,Pamiers - Fleury-les-Aubrais (Orléans),non-stop,Knin - Zagreb Gl. K. - Maribor - Graz Hbf - Bruck an der Mur - Wiener Neustadt Hbf - Wien Meidling - Wien Hbf - Wien Hbf (Autoreisezuganlage) - Bratislava Petržalka,München Ost - Rosenheim - Salzburg Hbf - Attnang-Puchheim - Linz Hbf - St. Pölten Hbf - Wien Meidling - Wien Hbf - Břeclav - Katowice - Sosnowiec Główny - Zawiercie - Włoszczowa Północ - Warszawa Zachodnia - Warszawa Centralna,Ljubljana - Villach Hbf - Innsbruck Hbf - St. Anton am Arlberg - Feldkirch - Buchs (SG),Figeac - St-Denis-lès-Martel,Ústí nad Labem hl.n. - Dresden Hbf - Riesa - Freiburg (Breisgau) Hbf - Basel SBB,Warszawa Centralna - Warszawa Zachodnia - Wrocław Gł. - Jelenia Góra,Kraków Gł. - Poznań Gł. - Szczecin Gł.,Strážske - Michalovce - Bánovce nad Ondavou - Trebišov - Košice - Kysak - Margecany - Spišská Nová Ves - Poprad Tatry - Trnava - Bratislava-Vinohrady,Jarosław - Lichkov - Międzylesie - Kłodzko Miasto - Wrocław Gł. - Poznań Gł. - Gdańsk Gł.,Częstochowa - Łódź Kaliska - Toruń Gł. - Gdynia Główna,Rzeszow Gł. - Tarnow - Kraków Gł. - Katowice - Poznań Gł. - Krzyz - Szczecin Gł.,Warszawa Centralna - Kraków Gł. - Trzebinia - Katowice - Rybnik - Bratislava hl.st. - Nové Zámky - Vac,Lublin - Warszawa Centralna - Łódź Widzew - Szczecin Gł.,Kraków Gł. - Częstochowa - Warszawa Centralna - Ciechanow - Tczew - Gdańsk Gł.,Beograd Centar - Rakovica - Lazarevac - Lajkovac - Valjevo - Kosjerić - Požega - Užice - Priboj - Kolašin - Podgorica - Golubovci - Golubovci,Beloslav - Sindel - Dalgopol - Komunari - Dimitrovgrad - Jabalkovo - Parvomai - Popovitsa - Cheshnegirovo - Sadov - Katunitsa - Krumovo - Plovdiv - Proslav - Todor Kableshkov - Kadievo - Stambolijski - Pazardzhik - Septemvri - Belovo - Kostenets - Ihtiman,Beloslav - Sindel - Dalgopol - Komunari - Karnobat - Straldzha - Jambol - Nova Zagora - Stara Zagora - Dimitrovgrad - Krumovo - Plovdiv - Todor Kableshkov - Stambolijski - Pazardzhik - Septemvri - Belovo - Ihtiman - Vakarel - Elin Pelin - Kazichene - Iskar,Beloslav - Poveljanovo - Sindel - Dobrina - Provadiya - Kaspichan - Shumen - Targovishte - Popovo - Strazhitsa - Gorna Oryahovitsa - Zverino - Svoge - Kurilo - Sofia Sever,Vladimir Pavlov - Aytos - Karnobat - Straldzha - Zimnitsa - Jambol - Nova Zagora - Stara Zagora - Elin Pelin - Kazichene - Iskar - Poduiane Patnicheska,Alfatar - Dulovo - Todorovo - Isperih - Samuil - Razgrad - Senovo - Vetovo - Yastrebovo - Ruse Razpredelitel - Ruse - Ivanovo - Dve Mogili - Borovo - Byala - Polski Trambesh - Petko Karavelovo - Gorna Oryahovitsa - Zverino - Lakatnik - Svoge - Kurilo,Żory - Rybnik - Opole Główne,Rybnik - Opole Gł. - Kostrzyn - Szczecin Gł.,Kielce - Radom - Gdańsk Gł. - Gdynia Gł. - Słupsk - Koszalin,Sliven,Lviv,Poltava - Myrhorod - Kyiv Pasazhyrskyi - Fastiv - Vinnytsia - Ternopil - Lviv,Donchevo - Botevo - Oborishte - General Kiselovo - Valchi Dol - Suvorovo - Chernevo - Kipra - Devnya - Poveljanovo - Zverino - Svoge - Kurilo - Sofia Sever,Podilsk - Zhmerynka - Khmelnytskyi - Ternopil - Lviv Pidzamche - Lviv,Oleksandriia - Vinnytsia - Khmelnytskyi - Ternopil - Lviv,Poltava - Myrhorod - Lubny - Kyiv Pasazhyrskyi - Lviv - Ivano-Frankivsk,Kyiv Pasazhyrskyi - Lubny - Myrhorod - Poltava - Kharkiv,Kovel,Kovel,Poltava - Kremenchuk,Lviv - Oleksandriia - Dnipro Holovny,Poltava - Myrhorod - Lubny - Kyiv Pasazhyrskyi - Kozyatyn - Vinnytsia - Khmelnytskyi - Ternopil,Sumy - Konotop - Kyiv Pasazhyrskyi - Fastiv - Korosten - Kovel - Chervonohrad,Dnipro Holovny - Oleksandriia,Poltava - Myrhorod - Kyiv Pasazhyrskyi - Lviv,Poltava - Myrhorod - Lubny - Kyiv Pasazhyrskyi - Lviv - Stryj - Mukacheve,Poltava - Myrhorod - Lubny - Kyiv Pasazhyrskyi - Lviv,Lviv - Ternopil - Khmelnytskyi - Vinnytsia - Kyiv Pasazhyrskyi,Myrhorod - Lubny - Kyiv Pasazhyrskyi - Lviv - Ivano-Frankivsk,Lviv - Ivano-Frankivsk,Oleksandriia - Kyiv Pasazhyrskyi,Oleksandriia,Kozyatyn - Vinnytsia - Zhmerynka - Podilsk - Rozdil'na,Lviv - Ternopil - Khmelnytskyi - Vinnytsia - Oleksandriia,Konotop - Kyiv Pasazhyrskyi - Vinnytsia - Khmelnytskyi - Ternopil - Lviv - Ivano-Frankivsk - Yasinia,Kalush - Stryj - Lviv - Kyiv Pasazhyrskyi,Fastiv,Kovel - Chelm - Lublin - Warszawa Wschodnia - Warszawa Centralna,Rivne - Lutsk - Kivertsi,Lviv - Mukacheve - Chop - Nyíregyháza - Szolnok,non-stop - Lviv,Lviv - Mukacheve,Dnipro Holovny,Kozyatyn - Vinnytsia - Khmelnytskyi - Lviv - Uzhhorod,Lviv Pidzamche - Ternopil - Khmelnytskyi - Podilsk - Rozdil'na,Vinnytsia - Zhmerynka - Vălcineț - Bălți Oras,Fastiv - Vinnytsia - Khmelnytskyi - Ternopil - Vorokhta,Kyiv Sviatoshyn - Lviv Pidzamche,Fastiv - Kozyatyn - Vinnytsia - Khmelnytskyi - Ternopil - Lviv - Ivano-Frankivsk - Vorokhta - Yasinia,Lviv - Ivano-Frankivsk - Vorokhta - Yasinia,Mykolaiv,Vorokhta - Ivano-Frankivsk - Lviv - Kyiv Pasazhyrskyi - Oleksandriia,Fastiv - Kozyatyn - Vinnytsia - Khmelnytskyi - Ternopil - Lviv - Stryj - Mukacheve,Oleksandriia - Kropyvnytskyi - Voznesens'k,Poltava - Myrhorod - Lubny - Kyiv Pasazhyrskyi - Rivne - Kovel,Lutsk - Rivne - Oleksandriia - Dnipro Holovny,Sloviansk - Dnipro Holovny - Oleksandriia - Podilsk,Ternopil - Khmelnytskyi - Vinnytsia - Oleksandriia - Dnipro Holovny,Lviv Pidzamche - Ternopil - Khmelnytskyi - Zhmerynka - Oleksandriia - Kryvyi Rih - Dnipro Holovny,Mykolaiv - Vinnytsia - Zhmerynka - Khmelnytskyi - Ternopil,Mukacheve - Stryj - Lviv - Ternopil - Khmelnytskyi - Zhmerynka - Podilsk - Rozdil'na,Ivano-Frankivsk - Lviv - Ternopil - Khmelnytskyi - Zhmerynka - Podilsk,Mukacheve - Stryj - Lviv - Oleksandriia,Vorokhta - Ivano-Frankivsk - Lviv - Dnipro Holovny,Lutsk - Rivne - Vinnytsia - Podilsk,Budapest Kelenföld - Vesprem - Zalaegerszeg - Ljubljana - Opatija Matulji,Budapest Kelenföld - Székesfehérvár - Siófok - Nagykanizsa - Zagreb Gl. K. - Karlovac - Knin,Vinnytsia - Khmelnytskyi - Ternopil - Lviv - Stryj - Mukacheve - Chop,Wien Meidling - St. Pölten Hbf - Amstetten (NÖ) - Linz Hbf - Wels Hbf - Innsbruck Hbf - St. Anton am Arlberg - Bludenz - Feldkirch - Dornbirn,,Wiener Neustadt Hbf - Bruck an der Mur - Klagenfurt Hbf - Villach Hbf - Bologna Centrale - Firenze S. M. N.,Treviso Centrale - Udine - Villach Hbf - Salzburg Hbf - Linz Hbf,Bruck an der Mur - Leoben Hbf - St. Michael (Obersteiermark) - Selzthal - Liezen - Stainach-Irdning - Schladming - Bischofshofen - Schwarzach-St.Veit - Innsbruck Hbf - Landeck-Zams - St. Anton am Arlberg - Langen am Arlberg - Bludenz - Feldkirch - Buchs (SG) - Sargans,Ústí nad Labem hl.n. - Děčín hl.n. - Bad Schandau - Dresden Hbf - Dresden Neustadt - Berlin Hbf - Deventer - Amersfoort Centraal - Amsterdam Centraal - Rotterdam Centraal - Antwerpen Centraal / Anvers Central,Bruxelles Midi / Brussel Zuid,Kırıkkale - Kayseri - Sivas - Malatya - Elazığ - Mûş,Kırıkkale - Kayseri - Sivas - Diyarbakır - Batman,Kırıkkale - Sivas,Kırıkkale - Kayseri - Sivas - Erzincan - Erzurum,İzmir Çiğli - Manisa - Afyon A Çetinkaya,Sărățel - Gheorgheni - Brașov - Câmpina - Ploiești Vest,Ploiești Vest - Brașov - Sighișoara,Vișeu de Jos - Beclean pe Somes - Gheorgheni - Câmpina - Ploiești Vest,Salzburg Hbf - München Ost - Göttingen - Hannover Hbf - Hamburg Hbf,Jenbach - Kufstein - München Ost - Augsburg Hbf - Hannover Hbf - Hamburg Hbf,Augsburg Hbf - Hannover Hbf - Lüneburg - Hamburg Hbf,Freiburg (Breisgau) Hbf - Karlsruhe Hbf - Hannover Hbf - Lüneburg - Hamburg Hbf,Jenbach - München Ost - Augsburg Hbf - Gießen - Siegen - Siegburg (Bonn) - Köln Messe/Deutz,Salzburg Hbf - München Ost - Aschaffenburg Hbf - Gießen - Siegen Hbf - Siegburg/Bonn - Köln Messe/Deutz,Berlin Hbf - Göttingen - Kassel-Wilhelmshöhe - Strasbourg,Kraków Gł. - Olomouc hl.n.,St-Denis-lès-Martel - Bretenoux Biars - Laroquebrou / Laròcabrau,Montauban Ville Bourbon - Fleury-les-Aubrais (Orléans)
Wien Hbf,Zürich HB,Zagreb Gl. K.,Berlin Hbf,Hamburg Altona,Praha hl.n.,Praha hl.n.,Warszawa Wschodnia,Hel,Cluj-Napoca,Budapest Keleti,Constanța,Oradea,Timişoara Nord,Hamburg Altona,Hamburg Altona,Vatra Dornei Băi,Satu Mare,Arad,București Nord,Iași,Arad,Mangalia,Oradea,Sofia,București Nord,İzmir Basmane,İstanbul Halkalı,Glasgow Central,Edinburgh Waverley,Aberdeen,Fort William / An Gearasdan,Inverness / Inbhir Nis,Penzance,Amsterdam Centraal,Amsterdam Centraal,Wien Hbf,Split,Split,München Hbf,Berlin Hbf,#N/A,Stuttgart Hbf,Stuttgart Hbf,Stuttgart Hbf,Budapest Nyugati,Wien Hbf,Kyiv Pasazhyrskyi,Budapest Keleti,Malmö C,Duved,Stavanger,Stockholm C,Budapest Keleti,Stockholm C,Bergen,Trondheim,Bodø,Kemijärvi,Malmö C,Zürich HB,Milano Centrale,Berlin Hbf,Berlin Hbf,Storlien,Duved,Stockholm C,Salerno,Milano Centrale,Milano Centrale,Milano Centrale,Umeå C,Turku satama / Åbo hamn,Helsinki / Helsingfors,Roma Termini,Torino Lingotto,Kolari,Torino Lingotto,Torino Lingotto,Roma Termini,Roma Termini,Siracusa,Siracusa,Roma Termini,Roma Termini,Briançon,Nice Ville,Paris Austerlitz,Cerbère,Paris Austerlitz,Paris Austerlitz,Edirne,Bratislava Nové Mesto,Warszawa Wschodnia,Zürich HB,Paris Austerlitz,Zürich HB,Szklarska Poręba Górna,Świnoujście,Bratislava hl.st.,Gdynia Gł.,Łeba,Świnoujście,Budapest Nyugati,Świnoujście,Gdynia Gł.,Bar,Sofia,Sofia,Sofia,Sofia,Sofia,Kołobrzeg,Świnoujście,Kołobrzeg,Sofia,Przemyśl Gł.,Przemyśl Gł.,Sofia,Przemyśl Gł.,Truskavets,Vorokhta,Izyum,Chelm,Chelm,Odesa Holovna,Zaporizhzhia 1,Lviv,Lviv,Uman,Przemyśl Gł.,Uzhhorod,Ivano-Frankivsk,Chernihiv,Chernivtsi,Chernivtsi,Lviv,Kryvyi Rih,Odesa Holovna,Dnipro Holovny,Rakhiv,Cherkasy,Kamianets-Podilskyi,Warszawa Zachodnia,Kovel,Budapest Keleti,Truskavets,Uzhhorod,Zaporizhzhia 1,Chop,Odesa Holovna,Chişinău,Yasinia,Lviv,Rakhiv,Rakhiv,Kyiv Pasazhyrskyi,Kryvyi Rih,Solotvyno,Odesa Holovna,Chelm,Zaporizhzhia 1,Odesa Holovna,Zaporizhzhia 1,Zaporizhzhia 1,Lviv,Odesa Holovna,Odesa Holovna,Dnipro Holovny,Zaporizhzhia 1,Odesa Holovna,Rijeka,Split,Uzhhorod,Bregenz,#N/A,Roma Tiburtina,Wien Hbf,Zürich HB,Bruxelles Midi / Brussel Zuid,Berlin Hbf,Tatvan,Kurtalan,Malatya,Kars,Konya,București Nord,Cluj-Napoca,București Nord,Hamburg Altona,Hamburg Altona,Hamburg Altona,Hamburg Altona,Düsseldorf Hbf,Düsseldorf Hbf,Paris Est,Praha hl.n.,Aurillac,Paris Austerlitz
10:13,09:04,05:49,08:14,08:09,07:46,05:46,08:23,08:02,05:20,08:50,03:59,11:50,08:56,09:06,09:06,07:34,10:39,11:24,06:47,05:26,08:15,07:30,12:40,11:48,17:08,10:01,07:27,07:30,07:30,07:40,10:00,08:45,07:50,09:44,09:58,09:17,06:51,09:21,09:22,08:14,,09:26,08:38,08:38,08:29,08:21,16:58,12:50,06:59,09:17,07:20,10:09,09:55,10:09,06:23,06:24,09:05,08:50,16:21,08:20,07:05,07:46,09:24,08:55,08:20,06:35,09:46,10:10,10:10,07:12,08:16,07:52,06:27,06:10,09:15,10:55,10:32,14:32,07:18,09:51,09:01,11:29,06:35,06:06,08:21,09:25,08:32,09:16,07:32,07:03,11:34,11:00,08:15,09:20,08:32,08:30,07:34,09:30,05:33,05:58,08:13,06:38,08:29,06:38,08:40,06:54,09:00,09:00,05:45,05:45,05:46,07:08,07:27,10:56,05:13,05:00,11:16,05:45,11:20,12:35,09:47,11:15,08:08,05:00,06:42,15:14,11:18,09:11,09:03,16:59,10:34,11:27,07:54,12:25,09:23,12:59,05:57,06:13,09:25,19:10,11:17,08:36,09:53,08:53,06:00,08:00,08:27,07:22,12:48,07:59,11:53,13:25,06:33,07:50,09:25,09:20,10:34,10:58,08:19,11:05,13:43,13:04,06:30,15:36,10:23,13:03,08:26,13:00,10:40,09:08,09:25,08:56,10:59,08:29,,10:05,08:17,09:20,09:27,09:59,13:57,14:10,11:09,20:26,09:11,06:20,07:02,07:04,09:37,08:26,07:36,07:35,07:45,08:39,09:38,08:56,07:35,07:03
Wien Hbf,Zürich HB,Zagreb Gl. K.,Berlin Hbf,Hamburg Altona,Praha hl.n.,Praha hl.n.,Warszawa Wschodnia,Hel,Cluj-Napoca,Budapest Keleti,Constanța,Oradea,Timişoara Nord,Hamburg Altona,Hamburg Altona,Vatra Dornei Băi,Satu Mare,Arad,București Nord,Iași,Arad,Mangalia,Oradea,Sofia,București Nord,İzmir Basmane,İstanbul Halkalı,Glasgow Central,Edinburgh Waverley,Aberdeen,Fort William / An Gearasdan,Inverness / Inbhir Nis,Penzance,Amsterdam Centraal,Amsterdam Centraal,Wien Hbf,Split,Split,München Hbf,Berlin Hbf,#N/A,Stuttgart Hbf,Stuttgart Hbf,Stuttgart Hbf,Budapest Nyugati,Wien Hbf,Kyiv Pasazhyrskyi,Budapest Keleti,Malmö C,Duved,Stavanger,Stockholm C,Budapest Keleti,Stockholm C,Bergen,Trondheim,Bodø,Kemijärvi,Malmö C,Zürich HB,Milano Centrale,Berlin Hbf,Berlin Hbf,Storlien,Duved,Stockholm C,Salerno,Milano Centrale,Milano Centrale,Milano Centrale,Umeå C,Turku satama / Åbo hamn,Helsinki / Helsingfors,Roma Termini,Torino Lingotto,Kolari,Torino Lingotto,Torino Lingotto,Roma Termini,Roma Termini,Siracusa,Siracusa,Roma Termini,Roma Termini,Briançon,Nice Ville,Paris Austerlitz,Cerbère,Paris Austerlitz,Paris Austerlitz,Edirne,Bratislava Nové Mesto,Warszawa Wschodnia,Zürich HB,Paris Austerlitz,Zürich HB,Szklarska Poręba Górna,Świnoujście,Bratislava hl.st.,Gdynia Gł.,Łeba,Świnoujście,Budapest Nyugati,Świnoujście,Gdynia Gł.,Bar,Sofia,Sofia,Sofia,Sofia,Sofia,Kołobrzeg,Świnoujście,Kołobrzeg,Sofia,Przemyśl Gł.,Przemyśl Gł.,Sofia,Przemyśl Gł.,Truskavets,Vorokhta,Izyum,Chelm,Chelm,Odesa Holovna,Zaporizhzhia 1,Lviv,Lviv,Uman,Przemyśl Gł.,Uzhhorod,Ivano-Frankivsk,Chernihiv,Chernivtsi,Chernivtsi,Lviv,Kryvyi Rih,Odesa Holovna,Dnipro Holovny,Rakhiv,Cherkasy,Kamianets-Podilskyi,Warszawa Zachodnia,Kovel,Budapest Keleti,Truskavets,Uzhhorod,Zaporizhzhia 1,Chop,Odesa Holovna,Chişinău,Yasinia,Lviv,Rakhiv,Rakhiv,Kyiv Pasazhyrskyi,Kryvyi Rih,Solotvyno,Odesa Holovna,Chelm,Zaporizhzhia 1,Odesa Holovna,Zaporizhzhia 1,Zaporizhzhia 1,Lviv,Odesa Holovna,Odesa Holovna,Dnipro Holovny,Zaporizhzhia 1,Odesa Holovna,Rijeka,Split,Uzhhorod,Bregenz,#N/A,Roma Tiburtina,Wien Hbf,Zürich HB,Bruxelles Midi / Brussel Zuid,Berlin Hbf,Tatvan,Kurtalan,Malatya,Kars,Konya,București Nord,Cluj-Napoca,București Nord,Hamburg Altona,Hamburg Altona,Hamburg Altona,Hamburg Altona,Düsseldorf Hbf,Düsseldorf Hbf,Paris Est,Praha hl.n.,Aurillac,Paris Austerlitz
18:08,19:59,22:30,22:03,21:52,22:16,21:52,19:05,21:12,20:30,19:10,23:30,18:04,14:51,19:56,19:56,20:28,16:20,17:48,19:10,22:45,19:05,14:26,14:20,18:50,10:50,19:05,22:00,23:40,23:40,21:43,19:50,20:45,21:45,20:15,18:28,20:10,21:11,22:23,20:10,19:20,,20:01,20:29,20:29,19:30,19:42,13:05,15:10,22:30,19:01,22:15,18:08,17:40,18:08,23:01,23:17,21:09,19:00,14:40,20:40,21:15,21:10,18:34,15:25,18:30,21:55,20:38,20:10,20:10,21:50,19:41,20:20,23:13,23:58,20:58,19:42,20:23,15:29,20:31,23:00,19:10,21:45,22:35,22:05,19:58,17:55,19:27,18:53,21:41,21:40,17:45,15:26,19:41,19:40,19:27,19:59,20:18,18:54,22:55,21:59,21:00,21:26,19:29,21:26,19:22,20:10,21:00,23:05,23:00,22:50,20:10,21:01,20:25,19:05,23:40,22:30,13:45,23:00,16:20,13:33,12:43,18:29,20:14,23:10,22:30,13:50,15:49,17:11,17:39,10:41,13:50,17:29,21:18,14:32,19:37,15:03,20:57,22:05,14:35,09:54,15:17,20:12,18:15,19:15,22:40,20:58,19:07,20:29,14:58,21:15,17:42,14:04,23:05,17:13,21:14,21:08,11:02,14:56,21:05,16:42,16:30,20:58,18:48,09:50,16:03,17:04,18:19,20:00,13:50,17:03,20:50,18:28,16:17,21:40,,18:10,21:39,20:40,19:22,18:31,10:25,09:20,15:30,08:00,19:00,21:03,20:03,21:01,19:00,20:14,21:32,21:32,20:43,19:53,19:12,20:56,22:41,22:13
Wien Meidling - St. Pölten Hbf - Linz Hbf - Salzburg Hbf - Rosenheim - München Ost - Koblenz Hbf - Bonn Hbf - Köln Ehrenfeld - Aachen Hbf - Liège Guillemins / Luik Guillemins - Bruxelles Noord / Brussel Nord,Basel SBB - Basel Bad Bf - Freiburg (Breisgau) Hbf - Offenburg - Karlsruhe Hbf - Mannheim Hbf - Frankfurt (Main) Süd - Leipzig Hbf - Halle (Saale) Hbf - Bitterfeld - Lutherstadt Wittenberg Hbf - Berlin Südkreuz,Karlovac - Knin,Pardubice hl.n. - Brno hl.n. - Břeclav - Bratislava hl.st. - Nové Zámky - Vac,Hamburg Hbf - Bremen Hbf - Hannover Hbf - Göttingen - Karlsruhe Hbf - Offenburg - Freiburg (Breisgau) Hbf - Basel Bad Bf - Basel SBB,Kolín - Pardubice hl.n. - Česká Třebová - Olomouc hl.n. - Kraľovany - Ružomberok - Liptovský Mikuláš - Štrba - Poprad Tatry - Spišská Nová Ves - Margecany - Kysak - Kysak - Trebišov - Bánovce nad Ondavou - Michalovce - Strážske,Pardubice hl.n. - Ostrava hl.n. - Poprad Tatry - Košice,Warszawa Centralna - Opoczno Południe - Zawiercie - Katowice - Rybnik - Olomouc hl.n. - Pardubice hl.n.,Gdynia Gł. - Gdańsk Gł. - Trzebinia,Dej - Beclean pe Somes - Vatra Dornei,Szolnok - Mezőtúr - Gyoma - Csárdaszállás - Mezőberény - Murony - Békéscsaba - Kétegyháza - Lőkösháza - Curtici - Arad - Sebeș Alba - Sibiu - Făgăraș - Codlea - Brașov - Predeal - Azuga - Bușteni - Sinaia - Câmpina - Ploiești Vest,Fetești - Buzău - Bacău - Suceava,Arad - Timişoara Nord - Craiova,Arad - Deva - Alba Iulia - Cluj-Napoca - Dej - Beclean pe Somes - Câmpulung Moldovenesc - Suceava,Hamburg Hbf - Hamburg Harburg - Hannover Hbf - Göttingen - Kassel-Wilhelmshöhe - Würzburg Hbf - Nürnberg Hbf - Regensburg Hbf - Passau Hbf - Wels Hbf - Linz Hbf - St. Pölten Hbf - Wien Meidling,Hamburg Hbf - Hamburg Harburg - Hannover Hbf - Göttingen - Kassel-Wilhelmshöhe - Würzburg Hbf - Nürnberg Hbf - Augsburg Hbf - München Hbf - Rosenheim - Kufstein - Wörgl Hbf - Jenbach,Vatra Dornei - Câmpulung Moldovenesc - Suceava - Ploiești Sud,Baia Mare - Beclean pe Somes - Miercurea Ciuc - Brașov - Câmpina - Ploiești Vest,Deva - Petroșani - Craiova,Ploiești Sud - Mizil - Buzău - Râmnicu Sărat - Focșani - Mărășești - Adjud - Bacău - Roman - Târgu Frumos - Ungheni,Vaslui - Bârlad,Timişoara Nord - Lugoj - Caransebeș - Craiova - Caracal - Roșiori Nord - Videle,Constanța - Bucuresti Baneasa - Ploiești Vest - Brașov - Miercurea Ciuc - Gheorgheni - Dej - Baia Mare,Chișineu-Criș - Arad - Ilia - Deva - Simeria - Subcetate - Petroșani - Târgu Jiu - Craiova - Caracal - Roșiori Nord - Videle - București Nord - Fetești - Medgidia,Plovdiv - Dimitrovgrad - Svilengrad - Kapıkule - Edirne,Giurgiu Nord - Ruse - Gorna Oryahovitsa - Veliko Tarnovo - Stara Zagora - Dimitrovgrad - Svilengrad - Kapıkule - Edirne,İzmir Çiğli - Manisa - Balıkesir - Eskişehir,İstanbul Sögütlücesme - İstanbul Pendik - İzmit,Motherwell - Carlisle - Watford Junction,Carlisle - Watford Junction,Dundee - Preston - Crewe - Birmingham International ,Crianlarich - Preston - Crewe - Birmingham International ,Aviemore - Perth / Peairt - Stirling - Preston - Crewe - Birmingham International ,Plymouth - Reading,Utrecht Centraal - Eindhoven Centraal - Köln Hbf - Bonn-Beuel - Offenburg - Freiburg (Breisgau) Hbf - Basel Bad Bf - Basel SBB,Amersfoort Centraal - Deventer - Hannover Hbf - Kassel-Wilhelmshöhe - Würzburg Hbf - Nürnberg Hbf - Augsburg Hbf - München Hbf - Rosenheim - Kufstein - Wörgl Hbf - Jenbach,Wien Meidling - St. Pölten Hbf - Linz Hbf - Wels Hbf - Passau Hbf - Regensburg Hbf - Nürnberg Hbf - Würzburg Hbf - Kassel-Wilhelmshöhe - Hamm (Westf) Hbf - Münster (Westf) Hbf - Deventer - Amersfoort Centraal,Knin - Zagreb Gl. K. - Slavonski Brod,Knin - Zagreb Gl. K. - Bjelovar,Rosenheim - Salzburg Hbf - Villach Hbf - Bologna Centrale - Firenze S. M. N.,Berlin Südkreuz - Dresden Neustadt - Dresden Hbf - Bad Schandau - Děčín hl.n. - Ústí nad Labem hl.n. - Praha-Holešovice - Praha hl.n. - Pardubice hl.n. - Brno hl.n. - Břeclav - Wien Hbf - Wien Meidling - Wiener Neustadt Hbf - Mürzzuschlag - Bruck an der Mur,,Ulm Hbf - Augsburg Hbf - München Ost - Salzburg Hbf - Villach Hbf - Udine,Ulm Hbf - Augsburg Hbf - München Ost - Salzburg Hbf - Linz Hbf - St. Pölten Hbf - Wien Meidling - Wien Hbf - Győr - Budapest Kelenföld,Ulm Hbf - Augsburg Hbf - München Ost - Rosenheim - Villach Hbf - Ljubljana,Vac - Bratislava hl.st. - Brno hl.n. - Dresden Hbf - Dresden Neustadt - Berlin Südkreuz,Győr - Budapest Kelenföld - Budapest Keleti - Arad - Alba Iulia - Sighișoara - Brașov - Ploiești Vest,Lviv - Stryj - Mukacheve - Chop - Záhony - Nyíregyháza - Debrecen - Szolnok - Cegléd - Budapest Kelenföld - Győr - Hegyeshalom - Hegyeshalom,Szolnok - Lőkösháza - Curtici - Arad - Timişoara Nord - Craiova,Lund C - Helsingborg C - Hässleholm C,Åre - Östersund C - Sundsvall C - Arlanda,Sandnes - Kongsberg - Drammen,Arlanda - Uppsala C - Gävle C - Sundsvall C - Härnösand - Örnsköldsvik C - Boden C - Gällivare C - Kiruna / Giron,Szolnok - Debrecen - Carei - Deda - Gheorgheni - Miercurea Ciuc,Arlanda - Uppsala C - Gävle C - Sundsvall C - Härnösand - Örnsköldsvik C - Boden C,Dale - Myrdal - Hokksund - Drammen - Asker - Sandvika,Lillehammer - Hamar,Mo i Rana - Steinkjer - Levanger,Rovaniemi - Kemi - Oulu - Seinäjoki - Tampere - Riihimäki - Riihimäki,Høje Taastrup - Odense - Kolding - Hamburg Hbf - München Ost - Salzburg Hbf - Kitzbühel - Wörgl Hbf - Jenbach,Buchs (SG) - Feldkirch - Bludenz - Linz Hbf - St. Pölten Hbf - Wien Meidling - Wien Hbf - Győr - Budapest Kelenföld,Bologna Centrale - Foggia,Hamburg Hbf - København Ørestad - Malmö C - Lund C - Hässleholm C - Alvesta - Nässjö C - Linköping C - Norrköping C,Hamburg Hbf - Padborg - Kastrup Lufthavn - Malmö C - Lund C - Hässleholm C - Alvesta - Nässjö C - Linköping C - Norrköping C,Duved - Åre - Östersund C - Uppsala C - Stockholm C - Norrköping C - Alvesta - Hässleholm C - Lund C,Åre - Östersund C - Linköping C - Nässjö C - Alvesta - Hässleholm C - Lund C,Arlanda - Uppsala C - Gävle C - Örnsköldsvik C - Umeå C - Boden C,Baqël - Roma Tiburtina - Orvieto - Milano Porta Garibaldi,Bologna Centrale - Firenze S. M. N. - Salerno - Lamezia Terme Centrale - Messina Centrale - Barcellona Castroreale - Termini Imerese,Bologna Centrale - Firenze S. M. N. - Salerno - Lamezia Terme Centrale - Messina Centrale - Taormina Giardini - Catania Centrale,Bologna Centrale - Foggia - Bari Centrale - Brindisi,Örnsköldsvik C - Härnösand - Sundsvall C - Arlanda,Turku / Åbo - Toijala - Tampere - Kokkola - Ylivieska - Oulu - Kemi,Riihimäki - Seinäjoki - Kokkola - Ylivieska - Oulu - Kemi,Bari Centrale - Brindisi,Bologna Centrale - Foggia - Bari Centrale - Brindisi,Tornio-Itäinen - Oulu - Tampere - Riihimäki,Genova Piazza Principe - La Spezia Centrale - Pisa Centrale - Civitavecchia - Roma Ostiense - Baqël,Genova Piazza Principe - La Spezia Centrale - Pisa Centrale - Livorno Centrale - Grosseto - Civitavecchia - Roma Ostiense - Lamezia Terme Centrale - Tropea,Baqël - Salerno - Messina Centrale - Barcellona Castroreale - Termini Imerese,Lamezia Terme Centrale - Messina Centrale - Barcellona Castroreale - Termini Imerese,Catania Centrale - Taormina Giardini - Messina Centrale - Lamezia Terme Centrale,Catania Centrale - Taormina Giardini - Messina Centrale - Salerno - Baqël,Venezia Santa Lucia - Udine,Orvieto - Verona Porta Nuova,Gap - Crest,Cannes - Toulon - Marseille Saint-Charles,St-Denis-lès-Martel - Figeac - Rodez,Perpignan - Narbonne - Béziers - Montpellier Saint-Roch - Nîmes,Dax - Bayonne - Pau - Lourdes,Fleury-les-Aubrais (Orléans) - Pamiers,non-stop,Bratislava Petržalka - Wien Hbf - Wien Meidling - Wiener Neustadt Hbf - Bruck an der Mur - Graz Hbf - Maribor - Zagreb Gl. K. - Knin,Warszawa Centralna - Warszawa Zachodnia - Włoszczowa Północ - Zawiercie - Sosnowiec Główny - Katowice - Břeclav - Wien Hbf - Wien Meidling - St. Pölten Hbf - Linz Hbf - Attnang-Puchheim - Salzburg Hbf - Rosenheim - München Ost,Buchs (SG) - Feldkirch - Bludenz - St. Anton am Arlberg - Innsbruck Hbf - Villach Hbf - Ljubljana,St-Denis-lès-Martel - Figeac,Basel SBB - Basel Bad Bf - Freiburg (Breisgau) Hbf - Offenburg - Karlsruhe Hbf - Mannheim Hbf - Frankfurt (Main) Süd - Leipzig Hbf - Riesa - Dresden Neustadt - Dresden Hbf - Bad Schandau - Děčín hl.n. - Ústí nad Labem hl.n. - Praha-Holešovice,Jelenia Góra - Wrocław Gł. - Warszawa Zachodnia - Warszawa Centralna,Szczecin Gł. - Poznań Gł. - Kraków Gł.,Bratislava-Vinohrady - Trnava - Leopoldov - Piešťany - Nové Mesto nad Váhom - Trenčín - Trenčianska Teplá - Púchov - Košice - Trebišov - Bánovce nad Ondavou - Michalovce - Michalovce,Gdańsk Gł. - Bydgoszcz Gł. - Wrocław Gł. - Kłodzko Miasto - Międzylesie - Lichkov - Pardubice hl.n.,Gdynia Gł. - Gdańsk Gł. - Tczew - Łódź Kaliska - Częstochowa,Szczecin Gł. - Krzyz - Poznań Gł. - Leszno - Wrocław Gł. - Katowice - Kraków Gł. - Tarnow - Rzeszow Gł.,Vac - Nové Zámky - Bratislava hl.st. - Břeclav - Katowice - Trzebinia - Kraków Gł.,Szczecin Gł. - Łódź Widzew - Warszawa Centralna - Lublin,Gdańsk Gł. - Tczew - Ciechanow - Warszawa Centralna - Kraków Gł.,Sutomore - Golubovci - Podgorica - Kolašin - Mojkovac - Bijelo Polje - Prijepolje teretna - Prijepolje - Kosjerić - Lajkovac - Lazarevac - Rakovica - Rakovica - Beograd Centar,Poduiane - Iskar - Kazichene - Vakarel - Ihtiman - Kostenets - Belovo - Septemvri - Pazardzhik - Stambolijski - Plovdiv - Krumovo - Parvomai - Dimitrovgrad - Komunari - Dalgopol - Sindel - Beloslav,Poduiane - Iskar - Kazichene - Zlatica - Pirdop - Klisura - Karlovo - Straldzha - Karnobat - Asparuhovo - Komunari - Dalgopol - Sindel - Poveljanovo - Beloslav,Sofia Sever - Rebrovo - Svoge - Cerovo - Bov - Lakatnik - Zverino - Mezdra - Roman - Cherven Bryag - Pleven - Targovishte - Shumen - Kaspichan - Provadiya - Dobrina - Sindel - Poveljanovo - Beloslav,Poduiane Patnicheska - Iskar - Kazichene - Elin Pelin - Ihtiman - Kostenets - Belovo - Septemvri - Pazardzhik - Stambolijski - Plovdiv - Nova Zagora - Jambol - Straldzha - Karnobat - Aytos - Vladimir Pavlov,Sofia Sever - Kumarica - Kurilo - Romcha - Vlado Trickov - Lukovo - Rebrovo - Tompsan - Svoge - Gelen - Cerovo - Bov - Lakatnik - Zverino - Mezdra - Roman - Cherven Bryag - Telish - Dolni Dabnik - Pleven - Levski - Pavlikeni,Poznań Gł. - Rybnik - Żory,Szczecin Gł. - Kostrzyn - Zielona Góra Gł. - Rybnik,Koszalin - Słupsk - Gdynia Gł. - Gdańsk Gł. - Radom - Kielce,Pirdop - Sliven,Lviv,Lviv - Ternopil - Khmelnytskyi - Vinnytsia - Kyiv Pasazhyrskyi - Myrhorod - Poltava,Sofia Sever - Rebrovo - Svoge - Cerovo - Bov - Lakatnik - Zverino - Mezdra - Roman - Cherven Bryag - Pleven - Poveljanovo - Devnya - Kipra - Chernevo - Suvorovo - Valchi Dol - General Kiselovo - Oborishte - Botevo - Donchevo,Lviv - Lviv Pidzamche - Ternopil - Khmelnytskyi - Zhmerynka - Podilsk,Lviv - Ternopil - Khmelnytskyi - Vinnytsia - Oleksandriia,Ivano-Frankivsk - Lviv - Kyiv Pasazhyrskyi - Lubny - Myrhorod - Poltava,Kharkiv - Poltava - Myrhorod - Lubny - Kyiv Pasazhyrskyi,Kovel,Kovel,Kremenchuk - Poltava,Dnipro Holovny - Oleksandriia - Lviv,Ternopil - Khmelnytskyi - Vinnytsia - Kozyatyn - Kyiv Pasazhyrskyi - Lubny - Myrhorod - Poltava,Chervonohrad - Kovel - Korosten - Fastiv - Kyiv Pasazhyrskyi - Konotop - Sumy,Oleksandriia - Dnipro Holovny,Lviv - Kyiv Pasazhyrskyi - Myrhorod - Poltava,Mukacheve - Stryj - Lviv - Kyiv Pasazhyrskyi - Lubny - Myrhorod - Poltava,Lviv - Kyiv Pasazhyrskyi - Lubny - Myrhorod - Poltava,Kyiv Pasazhyrskyi - Vinnytsia - Khmelnytskyi - Ternopil - Lviv,Ivano-Frankivsk - Lviv - Kyiv Pasazhyrskyi - Lubny - Myrhorod,Ivano-Frankivsk - Lviv,Kyiv Pasazhyrskyi - Oleksandriia,Oleksandriia,Rozdil'na - Podilsk - Zhmerynka - Vinnytsia - Kozyatyn,Oleksandriia - Vinnytsia - Khmelnytskyi - Ternopil - Lviv,Yasinia - Ivano-Frankivsk - Lviv - Ternopil - Khmelnytskyi - Vinnytsia - Kyiv Pasazhyrskyi - Konotop,Kyiv Pasazhyrskyi - Lviv - Stryj - Kalush,Fastiv,Warszawa Centralna - Warszawa Wschodnia - Lublin - Chelm - Kovel,Lutsk - Rivne - Fastiv,Szolnok - Debrecen - Chop - Mukacheve - Lviv,Lviv,Mukacheve - Lviv,Dnipro Holovny,Uzhhorod - Sambir - Lviv - Vinnytsia - Kozyatyn,Podilsk - Khmelnytskyi - Ternopil - Lviv Pidzamche,Bălți Oras - Vălcineț - Zhmerynka - Vinnytsia,Vorokhta - Ternopil - Khmelnytskyi - Vinnytsia - Fastiv,Lviv Pidzamche - Kyiv Sviatoshyn,Yasinia - Vorokhta - Ivano-Frankivsk - Lviv - Ternopil - Khmelnytskyi - Vinnytsia - Fastiv,Yasinia - Vorokhta - Ivano-Frankivsk - Lviv,Mykolaiv,Oleksandriia - Kyiv Pasazhyrskyi - Lviv - Ivano-Frankivsk - Vorokhta,Mukacheve - Stryj - Lviv - Ternopil - Khmelnytskyi - Vinnytsia - Kozyatyn - Fastiv,Voznesens'k - Kropyvnytskyi - Oleksandriia,Kovel - Rivne - Kyiv Pasazhyrskyi - Lubny - Myrhorod - Poltava,Dnipro Holovny - Oleksandriia - Rivne - Lutsk,Podilsk - Oleksandriia - Dnipro Holovny - Sloviansk,Dnipro Holovny - Oleksandriia - Vinnytsia - Khmelnytskyi - Ternopil,Dnipro Holovny - Kryvyi Rih - Oleksandriia - Zhmerynka - Khmelnytskyi - Ternopil - Lviv Pidzamche,Ternopil - Khmelnytskyi - Zhmerynka - Vinnytsia - Mykolaiv,Rozdil'na - Podilsk - Zhmerynka - Khmelnytskyi - Ternopil - Lviv - Stryj - Mukacheve,Podilsk - Zhmerynka - Khmelnytskyi - Ternopil - Lviv - Ivano-Frankivsk,Lviv - Stryj - Mukacheve,Dnipro Holovny - Lviv - Ivano-Frankivsk - Vorokhta,Podilsk - Vinnytsia - Rivne - Lutsk,Opatija Matulji - Ljubljana - Zalaegerszeg - Vesprem - Budapest Kelenföld,Knin - Karlovac - Zagreb Gl. K. - Nagykanizsa - Siófok - Székesfehérvár - Budapest Kelenföld,Chop - Mukacheve - Stryj - Lviv - Ternopil - Khmelnytskyi - Vinnytsia,Dornbirn - Hohenems - Götzis - Rankweil - Feldkirch - Bludenz - Langen am Arlberg - St. Anton am Arlberg - Landeck-Zams - Imst-Pitztal - Ötztal - Innsbruck Hbf - Salzburg Hbf - Vöcklabruck - Attnang-Puchheim - Wels Hbf - Linz Hbf - St. Valentin - Amstetten (NÖ) - St. Pölten Hbf - Wien Meidling - Wien Hbf,,Firenze Campo di Marte - Bologna Centrale - Villach Hbf - Klagenfurt Hbf,St. Pölten Hbf - Linz Hbf - Salzburg Hbf - Villach Hbf - Udine - Treviso Centrale,Sargans - Buchs (SG) - Feldkirch - Bludenz - Langen am Arlberg - St. Anton am Arlberg - Landeck-Zams - Innsbruck Hbf - Schwarzach-St.Veit - Bischofshofen - Schladming - Stainach-Irdning - Liezen - Selzthal - St. Michael (Obersteiermark) - Leoben Hbf - Bruck an der Mur,Antwerpen Centraal / Anvers Central - Rotterdam Centraal - Den Haag - Schipol Airport - Amsterdam Centraal - Amersfoort Centraal - Deventer - Berlin Hbf - Dresden Neustadt - Dresden Hbf - Bad Schandau - Děčín hl.n. - Ústí nad Labem hl.n.,Bruxelles Midi / Brussel Zuid,Mûş - Elazığ - Malatya - Sivas - Kayseri - Kırıkkale,Batman - Diyarbakır - Sivas - Kayseri - Kırıkkale,Sivas - Kayseri - Kırıkkale,Erzurum - Erzincan - Sivas - Kayseri - Kırıkkale,Afyon A Çetinkaya - Manisa - İzmir Çiğli,Ploiești Vest - Brașov - Gheorgheni - Sărățel,Sighișoara - Brașov - Câmpina - Ploiești Vest,Ploiești Vest - Câmpina - Brașov - Miercurea Ciuc - Beclean pe Somes - Vișeu de Jos,Hamburg Hbf - Hannover Hbf - Göttingen - Fulda - München Ost - Salzburg Hbf,Hamburg Hbf - Hannover Hbf - Göttingen - Augsburg Hbf - München Ost - Kufstein - Jenbach,Hamburg Hbf - Hannover Hbf - Augsburg Hbf,Hamburg Hbf - Hannover Hbf - Karlsruhe Hbf - Freiburg (Breisgau) Hbf,Köln Messe/Deutz - Siegburg/Bonn - Siegen - Aschaffenburg Hbf - Augsburg Hbf - München Ost - Jenbach,Köln Messe/Deutz - Siegen Hbf - Aschaffenburg Hbf - München Ost - Salzburg Hbf,Strasbourg - Frankfurt (Main) Süd - Erfurt Hbf - Halle (Saale) Hbf - Berlin Südkreuz,Pardubice hl.n. - Olomouc hl.n. - Kraków Gł.,Laroquebrou / Laròcabrau - Bretenoux Biars - St-Denis-lès-Martel,Fleury-les-Aubrais (Orléans) - Montauban Ville Bourbon
Bruxelles Midi / Brussel Zuid,Berlin Hbf,Split,Budapest-Nyugati,Zürich HB,Humenné,Chop,Praha hl.n.,Kraków Gł.,Iași,București Nord,Suceava Nord,București Nord,Iași,Wien Hbf,Innsbruck Hbf,București Nord,București Nord,București Nord,Chişinău,București Nord,București Nord,Satu Mare,Constanța,İstanbul Halkalı,İstanbul Halkalı,Ankara,Ankara,London Euston,London Euston,London Euston,London Euston,London Euston,London Paddington,Zürich HB,Innsbruck Hbf,Amsterdam Centraal,Vukovar,Osijek,Roma Tiburtina,Graz Hbf,#N/A,Venezia Santa Lucia,Budapest Keleti,Zagreb Gl. K.,Berlin Hbf,București Nord,Wien Westbf,București Nord,Stockholm C,Stockholm C,Oslo S,Narvik,Brașov,Luleå C,Oslo S,Oslo S,Trondheim,Helsinki / Helsingfors,Innsbruck Hbf,Budapest Keleti,Lecce,Stockholm C,Stockholm C,Malmö C,Malmö C,Luleå C,Torino Porta Susa,Palermo Centrale,Siracusa,Lecce,Stockholm C,Rovaniemi,Rovaniemi,Lecce,Lecce,Helsinki / Helsingfors,Salerno,Reggio Calabria Centrale,Palermo Centrale,Palermo Centrale,Roma Termini,Roma Termini,Trieste Centrale,Bolzano / Bozen,Paris Austerlitz,Paris Austerlitz,Albi Ville,Paris Austerlitz,Tarbes,Latour-de-Carol / La Tor de Querol,Villach Hbf,Split,München Hbf,Zagreb Gl. K.,Rodez,Praha hl.n.,Warszawa Wschodnia,Zakopane,Humenné,Praha hl.n.,Kraków Gł.,Przemyśl Gł.,Warszawa Wschodnia,Chelm,Zakopane,Zemun,Varna,Varna,Varna,Burgas,Silistra,Bielsko-Biała Główna,Bielsko-Biała Gł.,Kraków Gł.,Burgas,Kyiv Pasazhyrskyi,Kharkiv,Dobrich,Odesa Holovna,Dnipro Holovny,Kharkiv,Lviv,Kyiv Pasazhyrskyi,Kyiv Pasazhyrskyi,Kharkiv,Przemyśl Gł.,Kharkiv,Kharkiv,Kharkiv,Kharkiv,Kharkiv,Kharkiv,Ivano-Frankivsk,Poltava,Kyiv Pasazhyrskyi,Dnipro Holovny,Kyiv Pasazhyrskyi,Kyiv Pasazhyrskyi,Ivano-Frankivsk,Sumy,Ivano-Frankivsk,Kyiv Pasazhyrskyi,Kyiv Pasazhyrskyi,Kyiv Pasazhyrskyi,Kyiv Pasazhyrskyi,Kyiv Pasazhyrskyi,Kyiv Pasazhyrskyi,Kyiv Pasazhyrskyi,Kyiv Pasazhyrskyi,Lviv,Kyiv Pasazhyrskyi,Kyiv Pasazhyrskyi,Kyiv Pasazhyrskyi,Kyiv Pasazhyrskyi,Kyiv Pasazhyrskyi,Kherson,Yasinia,Kyiv Pasazhyrskyi,Dnipro Holovny,Kharkiv,Kovel,Kramatorsk,Lviv,Lviv,Kherson,Uzhhorod,Chernivtsi,Uzhhorod,Yasinia,Kovel,Budapest Déli,Budapest Keleti,Kyiv Pasazhyrskyi,Wien Hbf,#N/A,Wien Hbf,Venezia Santa Lucia,Graz Hbf,Praha hl.n.,Paris Gare du Nord,Ankara,Ankara,Ankara,Ankara,İzmir Basmane,Bistrița Nord,București Nord,Sighetu Marmației,Villach Hbf,Innsbruck Hbf,München Ost,Lörrach Hbf,Innsbruck Hbf,Villach Hbf,Berlin Ostbahnhof,Przemyśl Gł.,Paris Austerlitz,Toulouse Matabiau
09:56,07:20,07:01,08:29,10:05,10:29,10:34,07:26,08:51,05:10,11:35,07:16,08:42,08:13,09:17,09:14,05:56,06:20,05:25,08:44,05:28,07:29,09:39,08:31,09:56,06:34,09:07,06:37,07:15,07:15,08:00,08:00,08:00,05:08,08:05,09:14,09:58,11:11,12:04,09:10,09:59,,08:34,09:19,10:39,08:15,15:06,08:53,08:42,05:50,05:04,07:26,12:40,09:43,06:44,06:27,06:50,07:15,09:15,13:00,09:19,07:00,13:20,09:55,07:15,08:55,11:53,09:05,16:55,15:48,09:30,05:04,10:59,11:03,08:10,10:10,10:34,09:11,08:45,09:24,11:57,07:18,09:51,09:55,06:28,08:08,08:08,09:02,08:50,09:37,10:07,08:19,08:20,10:24,10:39,07:08,09:23,06:23,08:25,07:29,09:14,08:48,09:11,08:51,09:27,06:02,07:25,05:42,07:16,06:52,05:50,07:20,06:48,06:48,07:49,05:55,09:18,13:53,08:05,07:59,09:08,07:15,13:39,08:16,22:45,09:18,20:19,07:46,19:26,09:20,05:56,09:30,22:45,13:20,09:37,08:28,06:06,06:26,07:50,11:22,09:56,08:10,05:20,10:45,05:57,19:54,06:51,08:28,05:52,09:42,06:18,11:17,07:47,06:19,09:24,10:57,08:33,10:06,09:24,08:56,13:53,13:40,16:45,14:15,12:24,12:50,10:56,11:23,14:54,12:11,09:31,08:29,09:12,08:32,07:04,,08:52,08:34,06:58,10:45,10:00,12:45,12:45,07:24,10:27,08:05,05:57,06:20,10:00,08:38,08:23,07:20,08:05,08:23,08:38,08:26,07:33,09:32,07:44
https://back-on-track.eu/wp-content/uploads/2023/11/NJnG-Thumb_SB8.jpg,https://back-on-track.eu/wp-content/uploads/2023/11/NJnG-Thumb_SB8.jpg,,,https://back-on-track.eu/wp-content/uploads/2023/11/NJnG-Thumb_SB8.jpg,,,,,,,,,,https://back-on-track.eu/wp-content/uploads/2023/11/NJnG-Thumb_SB8.jpg,https://back-on-track.eu/wp-content/uploads/2023/11/NJnG-Thumb_SB8.jpg,,,,,,,,,,,,,https://back-on-track.eu/wp-content/uploads/2025/03/800_CC-BY_back-on-track_eu_CS_Lowland.jpeg,https://back-on-track.eu/wp-content/uploads/2025/03/800_CC-BY_back-on-track_eu_CS_Lowland.jpeg,https://back-on-track.eu/wp-content/uploads/2025/03/800_CC-BY_back-on-track_eu_CS_Highlands.jpeg,https://back-on-track.eu/wp-content/uploads/2025/03/800_CC-BY_back-on-track_eu_CS_Highlands.jpeg,https://back-on-track.eu/wp-content/uploads/2025/03/800_CC-BY_back-on-track_eu_CS_Highlands.jpeg,https://back-on-track.eu/wp-content/uploads/2025/03/800_CC-BY_back-on-track_eu_GWR.jpeg,https://back-on-track.eu/wp-content/uploads/2023/11/NJnG-Thumb_SB8.jpg,https://back-on-track.eu/wp-content/uploads/2023/11/NJnG-Thumb_SB8.jpg,https://back-on-track.eu/wp-content/uploads/2023/11/NJnG-Thumb_SB8.jpg,,,https://back-on-track.eu/wp-content/uploads/2023/11/NJnG-Thumb_SB8.jpg,https://back-on-track.eu/wp-content/uploads/2023/11/NJnG-Thumb_SB8.jpg,https://back-on-track.eu/wp-content/uploads/2023/11/NJnG-Thumb_SB8.jpg,https://back-on-track.eu/wp-content/uploads/2023/11/NJnG-Thumb_SB8.jpg,,https://back-on-track.eu/wp-content/uploads/2025/03/800_CC-BY_back-on-track_eu_hzpp_en.jpeg,,,,,https://back-on-track.eu/wp-content/uploads/2025/03/800_CC-BY_back-on-track_eu_SJ.jpeg,https://back-on-track.eu/wp-content/uploads/2025/03/800_CC-BY_back-on-track_eu_SJ.jpeg,https://back-on-track.eu/wp-content/uploads/2025/03/800_CC-BY_back-on-track_eu_Trenitalia_IC_Notte.jpg,https://back-on-track.eu/wp-content/uploads/2025/03/800_CC-BY_back-on-track_eu_SJ.jpeg,,https://back-on-track.eu/wp-content/uploads/2025/03/800_CC-BY_back-on-track_eu_SJ.jpeg,,,,https://back-on-track.eu/wp-content/uploads/2025/03/800_CC-BY_back-on-track_eu_VR_New.jpeg,https://back-on-track.eu/wp-content/uploads/2025/03/800_CC-BY_back-on-track_eu_ST.jpeg,,https://back-on-track.eu/wp-content/uploads/2025/03/800_CC-BY_back-on-track_eu_Trenitalia_IC_Notte.jpg,https://back-on-track.eu/wp-content/uploads/2025/03/800_CC-BY_back-on-track_eu_ST.jpeg,https://back-on-track.eu/wp-content/uploads/2025/03/800_CC-BY_back-on-track_eu_SJ-RDC.jpeg,,,https://back-on-track.eu/wp-content/uploads/2025/03/800_CC-BY_back-on-track_eu_SJ.jpeg,https://back-on-track.eu/wp-content/uploads/2025/03/800_CC-BY_back-on-track_eu_Trenitalia_IC_Notte.jpg,https://back-on-track.eu/wp-content/uploads/2025/03/800_CC-BY_back-on-track_eu_Trenitalia_IC_Notte_1964-1967.jpeg,https://back-on-track.eu/wp-content/uploads/2025/03/800_CC-BY_back-on-track_eu_Trenitalia_IC_Notte_1964-1967.jpeg,https://back-on-track.eu/wp-content/uploads/2025/03/800_CC-BY_back-on-track_eu_Trenitalia_IC_Notte.jpg,https://back-on-track.eu/wp-content/uploads/2025/03/800_CC-BY_back-on-track_eu_SJ.jpeg,https://back-on-track.eu/wp-content/uploads/2025/03/800_CC-BY_back-on-track_eu_VR_New.jpeg,https://back-on-track.eu/wp-content/uploads/2025/03/800_CC-BY_back-on-track_eu_VR_New.jpeg,https://back-on-track.eu/wp-content/uploads/2025/03/800_CC-BY_back-on-track_eu_Trenitalia_IC_Notte.jpg,https://back-on-track.eu/wp-content/uploads/2025/03/800_CC-BY_back-on-track_eu_Trenitalia_IC_Notte.jpg,https://back-on-track.eu/wp-content/uploads/2025/03/800_CC-BY_back-on-track_eu_VR_New.jpeg,https://back-on-track.eu/wp-content/uploads/2025/03/800_CC-BY_back-on-track_eu_Trenitalia_IC_Notte.jpg,https://back-on-track.eu/wp-content/uploads/2025/03/800_CC-BY_back-on-track_eu_Trenitalia_IC_Notte.jpg,https://back-on-track.eu/wp-content/uploads/2025/03/800_CC-BY_back-on-track_eu_Trenitalia_IC_Notte_1964-1967.jpeg,https://back-on-track.eu/wp-content/uploads/2025/03/800_CC-BY_back-on-track_eu_Trenitalia_IC_Notte_1964-1967.jpeg,https://back-on-track.eu/wp-content/uploads/2025/03/800_CC-BY_back-on-track_eu_Trenitalia_IC_Notte_1964-1967.jpeg,https://back-on-track.eu/wp-content/uploads/2025/03/800_CC-BY_back-on-track_eu_Trenitalia_IC_Notte_1964-1967.jpeg,https://back-on-track.eu/wp-content/uploads/2025/03/800_CC-BY_back-on-track_eu_Trenitalia_IC_Notte.jpg,https://back-on-track.eu/wp-content/uploads/2025/03/800_CC-BY_back-on-track_eu_Trenitalia_IC_Notte.jpg,,,,,,,,,,https://back-on-track.eu/wp-content/uploads/2025/03/800_CC-BY_back-on-track_eu_hzpp_en.jpeg,,,,,,https://back-on-track.eu/wp-content/uploads/2025/04/PKP_sleeper_type_308A_CC-BY_2-0_Adam-Kilian_wikimedia_commons.jpeg,,,,,,,,,,,,,,,,,,,,,,,,,,,,,,,,,,,,,,,,,,,,,,,,,,,,,,,,,,,,,,,,,,,,,,,,,,https://back-on-track.eu/wp-content/uploads/2023/11/NJnG-Thumb_SB8.jpg,https://back-on-track.eu/wp-content/uploads/2023/11/NJnG-Thumb_SB8.jpg,https://back-on-track.eu/wp-content/uploads/2023/11/NJnG-Thumb_SB8.jpg,https://back-on-track.eu/wp-content/uploads/2023/11/NJnG-Thumb_SB8.jpg,https://back-on-track.eu/wp-content/uploads/2023/11/NJnG-Thumb_SB8.jpg,https://back-on-track.eu/wp-content/uploads/2025/03/800_CC-BY_back-on-track_eu_ES.jpeg,https://back-on-track.eu/wp-content/uploads/2025/03/800_CC-BY_back-on-track_eu_ES.jpeg,,,,,,,,,,,,,,,https://back-on-track.eu/wp-content/uploads/2023/11/NJnG-Thumb_SB8.jpg,,,
,,,,,,,,,,,,,,,,Times may vary,Times may vary,,,Mid-June until early September from Constanța (dep 22:17),"Extends to Constanta from 2026/06/11 to 09/06 as IRN 11504, arrives in Constanta at 10:06",,,,,,,,,Stops in Birminham Intl from 2026-01-15,Stops in Birminham Intl from 2026-01-15,Stops in Birminham Intl from 2026-01-15,,Times may vary,,,,,,,,No service until 2025-07-13 (construction works),,,,,,,,,,,,,,,Suspended until early 2025 (accident),,,,,,Later arrival to Germany on Sundays,"Runs via Helsingborg C, Halmstad C, Göteborg C and Skövde C to Stockholm C from 2025-07-16 to 2026-08-16, starting 1,5h earlier in Malmö and Lund. On Wednesdays, the train departs at 18:35 from Alvesta and 19:25 from Nässjö.",,,,,,,,,,,,,,,,,,,,,Times may vary,"Leaves later before Feb 7th and from Feb 21st, 2024 ",,Times may vary,,,,2026 timetable announced in March,,,Departs 22:36 on Sun,,,,,,,,,,,Tickets only available 60 days ahead at ticket offices in Montenegro or Serbia,,currently suspended,,,"Train runs only to Gorna Orjahovica but with 1 couchette through coach to Sofia, not indicated in the official timetable",,,,currently suspended,,currently suspended,"Train runs only to Poveljanovo but with 1 sleeper through coach to Sofia, not indicated in the official timetable",,,,,,,"Runs as 059 O every other day, approx 4h slower",,,,currently suspended,,"Runs as 045 D every other day, approx 6h slower","Runs every second day, currently to Ivano-Frankivsk, but from 29/03 to Vorokhta",,,,,,,,,,,Quickly booked out,,,,,,,,,,,,,,,,052 P departs from Zaporizhzhia,,,,,,,,,Runs every second day,,,,,,,,,,,,From 2026-03-26,,,,,,Times may vary,Times may vary,Times may vary,Reportedly frequent cancellations and poor maintenance,Reportedly frequent cancellations and poor maintenance,Reportedly frequent cancellations and poor maintenance,Reportedly frequent cancellations and poor maintenance,Reportedly frequent cancellations and poor maintenance,Reportedly frequent cancellations and poor maintenance,,,,Departs 22:16 on Sat/Sun and 22:25 on Fri
,,,,,,,,,,,,,,,,Times may vary,Times may vary,,,Mid-June until early September to Constanța (arr 07:13),"Extends to Constanta from 2026/06/11 to 09/07 as IRN 11502, leaves Constanta at 16:49",,,,,,,,,Stops in Birminham Intl from 2026-01-15,Stops in Birminham Intl from 2026-01-15,Stops in Birminham Intl from 2026-01-15,Departs 30 minutes earlier on Sundays,Times may vary,,,,,,,,No service until 2025-07-13 (construction works),,,,,,,,,,,,,,,Suspended until early 2025 (accident),,,,,,Earlier departure from Germany on Saturdays,"Runs via Stockholm C, Skövde C,  Göteborg C, Halmstad C and Helsingborg C from 2025-07-17 to 2026-08-17, arriving 1,5h later in Lund and Malmö. On Wednesdays, the train departs later from the following stations: 15:50 from Malmö C, 16:10 from Lund C, 16:42 from Helsingborg C, 17:20 from Halmstad C, 19:20 from Göteborg C, 20:36 from Skövde C, 23:15 from Stockholm C, and 23:55 from Uppsala C.",,,,,,,,,,,,,,,,,,,,,Times may vary,,,Times may vary,,,,2026 timetable announced in March,,,Arrives earlier Fri/Sat 06:57,,,,,,,,,,,Tickets only available 60 days ahead at ticket offices in Montenegro or Serbia,,currently suspended,,,"Train runs only to Gorna Orjahovica but with 1 couchette through coach to Silistra, not indicated in the official timetable",,,,currently suspended,,currently suspended,"Train runs only to Poveljanovo but with 1 sleeper through coach to Dobrich, not indicated in the official timetable",,,,,,,"Runs as 060 Š every other day, approx 5h slower",,,,currently suspended,,"Runs as 045 L every other day, approx 6h slower","Runs every second day, currently to Ivano-Frankivsk, but from 29/03 to Vorokhta",,,,,,,,,,,Quickly booked out,,,,,,,,,,,,,,,,052 Š continues to Zaporizhzhia,,,,,,,,,Runs every second day,,,,,,,,,,,,From 2026-03-26,,,,,,Times may vary,Times may vary,Times may vary,Reportedly frequent cancellations and poor maintenance,Reportedly frequent cancellations and poor maintenance,Reportedly frequent cancellations and poor maintenance,Reportedly frequent cancellations and poor maintenance,Reportedly frequent cancellations and poor maintenance,Reportedly frequent cancellations and poor maintenance,,, arrives earlier Sun (8:32),Arrives earlier Fri-Sun (07:00)
